video_id,title,category,tags,url,thumbnail
94355674-6c73-4691-8229-4068658ecaf9,How to Use Serum,serum,"serum,beauty,tutorial",https://www.youtube.com/watch?v=dQw4w9WgXcQ,https://img.youtube.com/vi/dQw4w9WgXcQ/0.jpg
b883442e-c2f2-4850-b6c3-7680441882a0,How to Use Sunscreen,sunscreen,"sunscreen,beauty,tutorial",https://www.youtube.com/watch?v=dQw4w9WgXcQ,https://img.youtube.com/vi/dQw4w9WgXcQ/0.jpg
f12c8633-a34b-4c50-8c9e-969a5201a81b,How to Use Moisturizer,moisturizer,"moisturizer,beauty,tutorial",https://www.youtube.com/watch?v=dQw4w9WgXcQ,https://img.youtube.com/vi/dQw4w9WgXcQ/0.jpg
a1c85fa3-7d6f-4558-bd94-df0c22b939a3,How to Use Foundation,foundation,"foundation,beauty,tutorial",https://www.youtube.com/watch?v=dQw4w9WgXcQ,https://img.youtube.com/vi/dQw4w9WgXcQ/0.jpg
01845eae-dfc7-4c08-a892-92a76e38b91b,How to Use Foundation,foundation,"foundation,beauty,tutorial",https://www.youtube.com/watch?v=dQw4w9WgXcQ,https://img.youtube.com/vi/dQw4w9WgXcQ/0.jpg
121e1f85-6867-4c3d-a4ea-6aca41d8903c,How to Use Cleanser,cleanser,"cleanser,beauty,tutorial",https://www.youtube.com/watch?v=dQw4w9WgXcQ,https://img.youtube.com/vi/dQw4w9WgXcQ/0.jpg
6ef8c264-f9be-4fe8-967e-0b068665e8a6,How to Use Sunscreen,sunscreen,"sunscreen,beauty,tutorial",https://www.youtube.com/watch?v=dQw4w9WgXcQ,https://img.youtube.com/vi/dQw4w9WgXcQ/0.jpg
9b13f31d-4191-421c-bae5-0d3ad330b564,How to Use Sunscreen,sunscreen,"sunscreen,beauty,tutorial",https://www.youtube.com/watch?v=dQw4w9WgXcQ,https://img.youtube.com/vi/dQw4w9WgXcQ/0.jpg
49e9b6f2-7aac-48b9-a10a-d3ff4ba056d5,How to Use Serum,serum,"serum,beauty,tutorial",https://www.youtube.com/watch?v=dQw4w9WgXcQ,https://img.youtube.com/vi/dQw4w9WgXcQ/0.jpg
15b05dcf-7068-49b8-864d-cd3a834dfb25,How to Use Cleanser,cleanser,"cleanser,beauty,tutorial",https://www.youtube.com/watch?v=dQw4w9WgXcQ,https://img.youtube.com/vi/dQw4w9WgXcQ/0.jpg
9c16ac39-d45a-4376-a72c-a586621c255e,How to Use Cleanser,cleanser,"cleanser,beauty,tutorial",https://www.youtube.com/watch?v=dQw4w9WgXcQ,https://img.youtube.com/vi/dQw4w9WgXcQ/0.jpg
2f752a45-0efb-48a9-bfd3-6525ab862b02,How to Use Cleanser,cleanser,"cleanser,beauty,tutorial",https://www.youtube.com/watch?v=dQw4w9WgXcQ,https://img.youtube.com/vi/dQw4w9WgXcQ/0.jpg
f57bd8af-fa68-4f13-9e9a-5c8432afc077,How to Use Cleanser,cleanser,"cleanser,beauty,tutorial",https://www.youtube.com/watch?v=dQw4w9WgXcQ,https://img.youtube.com/vi/dQw4w9WgXcQ/0.jpg
9689652d-ecb9-43b3-bf16-5bec8cf81233,How to Use Sunscreen,sunscreen,"sunscreen,beauty,tutorial",https://www.youtube.com/watch?v=dQw4w9WgXcQ,https://img.youtube.com/vi/dQw4w9WgXcQ/0.jpg
4a8d033d-4b1d-43d0-8118-3f18349c3d5d,How to Use Foundation,foundation,"foundation,beauty,tutorial",https://www.youtube.com/watch?v=dQw4w9WgXcQ,https://img.youtube.com/vi/dQw4w9WgXcQ/0.jpg
0f79bf85-32ee-4fe3-aa51-e2e3ce8519bd,How to Use Serum,serum,"serum,beauty,tutorial",https://www.youtube.com/watch?v=dQw4w9WgXcQ,https://img.youtube.com/vi/dQw4w9WgXcQ/0.jpg
9136279d-7a48-422d-936b-21ed37879770,How to Use Moisturizer,moisturizer,"moisturizer,beauty,tutorial",https://www.youtube.com/watch?v=dQw4w9WgXcQ,https://img.youtube.com/vi/dQw4w9WgXcQ/0.jpg
53a45b03-30bf-44d1-868c-aa50393fb791,How to Use Sunscreen,sunscreen,"sunscreen,beauty,tutorial",https://www.youtube.com/watch?v=dQw4w9WgXcQ,https://img.youtube.com/vi/dQw4w9WgXcQ/0.jpg
b10fd8e6-c194-44ec-b01a-30e576d18ce0,How to Use Cleanser,cleanser,"cleanser,beauty,tutorial",https://www.youtube.com/watch?v=dQw4w9WgXcQ,https://img.youtube.com/vi/dQw4w9WgXcQ/0.jpg
255dbd32-9ec3-42ed-88df-23379373d58d,How to Use Cleanser,cleanser,"cleanser,beauty,tutorial",https://www.youtube.com/watch?v=dQw4w9WgXcQ,https://img.youtube.com/vi/dQw4w9WgXcQ/0.jpg
89b6993f-aba9-4dfb-82fb-ec7803c9cc13,How to Use Cleanser,cleanser,"cleanser,beauty,tutorial",https://www.youtube.com/watch?v=dQw4w9WgXcQ,https://img.youtube.com/vi/dQw4w9WgXcQ/0.jpg
6c5b8c28-4f83-4ffd-a677-1b698b0e0325,How to Use Moisturizer,moisturizer,"moisturizer,beauty,tutorial",https://www.youtube.com/watch?v=dQw4w9WgXcQ,https://img.youtube.com/vi/dQw4w9WgXcQ/0.jpg
9008f380-1660-4c62-8e65-f1b267250699,How to Use Cleanser,cleanser,"cleanser,beauty,tutorial",https://www.youtube.com/watch?v=dQw4w9WgXcQ,https://img.youtube.com/vi/dQw4w9WgXcQ/0.jpg
8fbf37d7-1c26-493e-940f-195e151905e3,How to Use Cleanser,cleanser,"cleanser,beauty,tutorial",https://www.youtube.com/watch?v=dQw4w9WgXcQ,https://img.youtube.com/vi/dQw4w9WgXcQ/0.jpg
e26c1137-e481-4089-b0ee-afc393103ba2,How to Use Cleanser,cleanser,"cleanser,beauty,tutorial",https://www.youtube.com/watch?v=dQw4w9WgXcQ,https://img.youtube.com/vi/dQw4w9WgXcQ/0.jpg
233bd0fa-3caf-4509-b7e6-081782cd5f2e,How to Use Sunscreen,sunscreen,"sunscreen,beauty,tutorial",https://www.youtube.com/watch?v=dQw4w9WgXcQ,https://img.youtube.com/vi/dQw4w9WgXcQ/0.jpg
1cfa2f6a-f01f-4730-83a6-b9eb6f48e3cc,How to Use Lipstick,lipstick,"lipstick,beauty,tutorial",https://www.youtube.com/watch?v=dQw4w9WgXcQ,https://img.youtube.com/vi/dQw4w9WgXcQ/0.jpg
2410ad38-284a-4906-95e6-0ae4fd5a3ddc,How to Use Moisturizer,moisturizer,"moisturizer,beauty,tutorial",https://www.youtube.com/watch?v=dQw4w9WgXcQ,https://img.youtube.com/vi/dQw4w9WgXcQ/0.jpg
eb6a6466-8f3e-4698-87e1-5fc2fcaf415e,How to Use Lipstick,lipstick,"lipstick,beauty,tutorial",https://www.youtube.com/watch?v=dQw4w9WgXcQ,https://img.youtube.com/vi/dQw4w9WgXcQ/0.jpg
79d0968a-4ffc-4f82-9a88-d7ab805b6b5d,How to Use Foundation,foundation,"foundation,beauty,tutorial",https://www.youtube.com/watch?v=dQw4w9WgXcQ,https://img.youtube.com/vi/dQw4w9WgXcQ/0.jpg
5b29bfd8-c572-4820-8d34-5506e2ce9a0e,How to Use Cleanser,cleanser,"cleanser,beauty,tutorial",https://www.youtube.com/watch?v=dQw4w9WgXcQ,https://img.youtube.com/vi/dQw4w9WgXcQ/0.jpg
15b8a163-ed28-426b-a1ee-3bb9003b1c89,How to Use Lipstick,lipstick,"lipstick,beauty,tutorial",https://www.youtube.com/watch?v=dQw4w9WgXcQ,https://img.youtube.com/vi/dQw4w9WgXcQ/0.jpg
a3a9d772-0115-4377-b0d4-6f67a296b5de,How to Use Foundation,foundation,"foundation,beauty,tutorial",https://www.youtube.com/watch?v=dQw4w9WgXcQ,https://img.youtube.com/vi/dQw4w9WgXcQ/0.jpg
c0f5a36b-3186-4af4-b993-cfda5b01c82a,How to Use Serum,serum,"serum,beauty,tutorial",https://www.youtube.com/watch?v=dQw4w9WgXcQ,https://img.youtube.com/vi/dQw4w9WgXcQ/0.jpg
e52d2c17-ed5f-4c89-b2c7-1c86576b036a,How to Use Sunscreen,sunscreen,"sunscreen,beauty,tutorial",https://www.youtube.com/watch?v=dQw4w9WgXcQ,https://img.youtube.com/vi/dQw4w9WgXcQ/0.jpg
c1bf6d0e-03d8-4649-a57b-67030c09d03a,How to Use Moisturizer,moisturizer,"moisturizer,beauty,tutorial",https://www.youtube.com/watch?v=dQw4w9WgXcQ,https://img.youtube.com/vi/dQw4w9WgXcQ/0.jpg
22409cfa-a8f9-4874-8d7d-afbd68f6f540,How to Use Lipstick,lipstick,"lipstick,beauty,tutorial",https://www.youtube.com/watch?v=dQw4w9WgXcQ,https://img.youtube.com/vi/dQw4w9WgXcQ/0.jpg
ac470945-0f37-4afa-9607-6d50ca39b114,How to Use Cleanser,cleanser,"cleanser,beauty,tutorial",https://www.youtube.com/watch?v=dQw4w9WgXcQ,https://img.youtube.com/vi/dQw4w9WgXcQ/0.jpg
eeec0a72-b31b-4841-9c8c-a8b7f7f003e1,How to Use Foundation,foundation,"foundation,beauty,tutorial",https://www.youtube.com/watch?v=dQw4w9WgXcQ,https://img.youtube.com/vi/dQw4w9WgXcQ/0.jpg
c047c5e7-ba7f-4efb-85eb-0849a4d933db,How to Use Lipstick,lipstick,"lipstick,beauty,tutorial",https://www.youtube.com/watch?v=dQw4w9WgXcQ,https://img.youtube.com/vi/dQw4w9WgXcQ/0.jpg
309cbe37-f790-40b5-b8a9-8970d9adbe16,How to Use Cleanser,cleanser,"cleanser,beauty,tutorial",https://www.youtube.com/watch?v=dQw4w9WgXcQ,https://img.youtube.com/vi/dQw4w9WgXcQ/0.jpg
5e24681a-ceeb-49c7-8167-d18ec9723a5b,How to Use Serum,serum,"serum,beauty,tutorial",https://www.youtube.com/watch?v=dQw4w9WgXcQ,https://img.youtube.com/vi/dQw4w9WgXcQ/0.jpg
aee40cea-f90d-42a2-b7f0-e410f1ef19cc,How to Use Foundation,foundation,"foundation,beauty,tutorial",https://www.youtube.com/watch?v=dQw4w9WgXcQ,https://img.youtube.com/vi/dQw4w9WgXcQ/0.jpg
dc712f77-1f7f-4b3e-b144-a05447ed9055,How to Use Cleanser,cleanser,"cleanser,beauty,tutorial",https://www.youtube.com/watch?v=dQw4w9WgXcQ,https://img.youtube.com/vi/dQw4w9WgXcQ/0.jpg
cabb7dd7-bed0-4106-8010-b4cedc57dc83,How to Use Sunscreen,sunscreen,"sunscreen,beauty,tutorial",https://www.youtube.com/watch?v=dQw4w9WgXcQ,https://img.youtube.com/vi/dQw4w9WgXcQ/0.jpg
d7721115-43c7-499b-9846-597008ad85c5,How to Use Lipstick,lipstick,"lipstick,beauty,tutorial",https://www.youtube.com/watch?v=dQw4w9WgXcQ,https://img.youtube.com/vi/dQw4w9WgXcQ/0.jpg
f42b8470-b9fa-402f-9214-c3edd0552030,How to Use Lipstick,lipstick,"lipstick,beauty,tutorial",https://www.youtube.com/watch?v=dQw4w9WgXcQ,https://img.youtube.com/vi/dQw4w9WgXcQ/0.jpg
d85d0002-487f-40ca-8b70-b50089aef20c,How to Use Moisturizer,moisturizer,"moisturizer,beauty,tutorial",https://www.youtube.com/watch?v=dQw4w9WgXcQ,https://img.youtube.com/vi/dQw4w9WgXcQ/0.jpg
34ed574d-30b5-480e-a10a-54c79e5b28ca,How to Use Moisturizer,moisturizer,"moisturizer,beauty,tutorial",https://www.youtube.com/watch?v=dQw4w9WgXcQ,https://img.youtube.com/vi/dQw4w9WgXcQ/0.jpg
5ec97593-6bfc-4b7d-884d-a1a6fb450629,How to Use Cleanser,cleanser,"cleanser,beauty,tutorial",https://www.youtube.com/watch?v=dQw4w9WgXcQ,https://img.youtube.com/vi/dQw4w9WgXcQ/0.jpg
c04aba45-18cf-4abc-9682-c7533c29ec3b,How to Use Serum,serum,"serum,beauty,tutorial",https://www.youtube.com/watch?v=dQw4w9WgXcQ,https://img.youtube.com/vi/dQw4w9WgXcQ/0.jpg
a61b4683-a2d1-4e03-b47b-f605fd209d6a,How to Use Serum,serum,"serum,beauty,tutorial",https://www.youtube.com/watch?v=dQw4w9WgXcQ,https://img.youtube.com/vi/dQw4w9WgXcQ/0.jpg
afe94765-fb07-43aa-bff5-32e4b8ed4b6f,How to Use Serum,serum,"serum,beauty,tutorial",https://www.youtube.com/watch?v=dQw4w9WgXcQ,https://img.youtube.com/vi/dQw4w9WgXcQ/0.jpg
3b177b32-4a01-4f1d-9969-49877ff075d5,How to Use Sunscreen,sunscreen,"sunscreen,beauty,tutorial",https://www.youtube.com/watch?v=dQw4w9WgXcQ,https://img.youtube.com/vi/dQw4w9WgXcQ/0.jpg
8fab8343-f580-446e-ba25-96a62f2bc598,How to Use Moisturizer,moisturizer,"moisturizer,beauty,tutorial",https://www.youtube.com/watch?v=dQw4w9WgXcQ,https://img.youtube.com/vi/dQw4w9WgXcQ/0.jpg
c0a501f8-b8c6-42fe-a3a3-b95a560fd62d,How to Use Sunscreen,sunscreen,"sunscreen,beauty,tutorial",https://www.youtube.com/watch?v=dQw4w9WgXcQ,https://img.youtube.com/vi/dQw4w9WgXcQ/0.jpg
7fe67a46-6b7c-4da0-83c5-d247f787b98d,How to Use Foundation,foundation,"foundation,beauty,tutorial",https://www.youtube.com/watch?v=dQw4w9WgXcQ,https://img.youtube.com/vi/dQw4w9WgXcQ/0.jpg
7676fbc7-7eea-491d-be8c-8910f49ae013,How to Use Sunscreen,sunscreen,"sunscreen,beauty,tutorial",https://www.youtube.com/watch?v=dQw4w9WgXcQ,https://img.youtube.com/vi/dQw4w9WgXcQ/0.jpg
c1ec9f06-ebe6-41ab-aa04-2d0e249c034d,How to Use Cleanser,cleanser,"cleanser,beauty,tutorial",https://www.youtube.com/watch?v=dQw4w9WgXcQ,https://img.youtube.com/vi/dQw4w9WgXcQ/0.jpg
063046cc-2c8a-410e-ab7d-1c1391df3a5e,How to Use Lipstick,lipstick,"lipstick,beauty,tutorial",https://www.youtube.com/watch?v=dQw4w9WgXcQ,https://img.youtube.com/vi/dQw4w9WgXcQ/0.jpg
0e8b228c-35c4-4dbb-89f4-86cb6aba6837,How to Use Moisturizer,moisturizer,"moisturizer,beauty,tutorial",https://www.youtube.com/watch?v=dQw4w9WgXcQ,https://img.youtube.com/vi/dQw4w9WgXcQ/0.jpg
aebb798a-f7f3-4c57-add4-2d37fb5e666c,How to Use Lipstick,lipstick,"lipstick,beauty,tutorial",https://www.youtube.com/watch?v=dQw4w9WgXcQ,https://img.youtube.com/vi/dQw4w9WgXcQ/0.jpg
17638717-bdae-4e93-af9c-29be29682d9d,How to Use Moisturizer,moisturizer,"moisturizer,beauty,tutorial",https://www.youtube.com/watch?v=dQw4w9WgXcQ,https://img.youtube.com/vi/dQw4w9WgXcQ/0.jpg
6006e733-94e9-49de-ba84-8f346d29c2b1,How to Use Moisturizer,moisturizer,"moisturizer,beauty,tutorial",https://www.youtube.com/watch?v=dQw4w9WgXcQ,https://img.youtube.com/vi/dQw4w9WgXcQ/0.jpg
643e7913-8ebf-491a-bf24-7bd852fcf4d0,How to Use Cleanser,cleanser,"cleanser,beauty,tutorial",https://www.youtube.com/watch?v=dQw4w9WgXcQ,https://img.youtube.com/vi/dQw4w9WgXcQ/0.jpg
f8961054-72c0-4b4e-8790-7daf1a157a65,How to Use Moisturizer,moisturizer,"moisturizer,beauty,tutorial",https://www.youtube.com/watch?v=dQw4w9WgXcQ,https://img.youtube.com/vi/dQw4w9WgXcQ/0.jpg
46a7e365-e1c8-4591-86aa-04d8345f9c5d,How to Use Lipstick,lipstick,"lipstick,beauty,tutorial",https://www.youtube.com/watch?v=dQw4w9WgXcQ,https://img.youtube.com/vi/dQw4w9WgXcQ/0.jpg
ceccd495-8ee1-43b8-873b-f9b4353787be,How to Use Foundation,foundation,"foundation,beauty,tutorial",https://www.youtube.com/watch?v=dQw4w9WgXcQ,https://img.youtube.com/vi/dQw4w9WgXcQ/0.jpg
1b1fcab6-4c9e-4a55-9d49-dc8e7d44b8ec,How to Use Lipstick,lipstick,"lipstick,beauty,tutorial",https://www.youtube.com/watch?v=dQw4w9WgXcQ,https://img.youtube.com/vi/dQw4w9WgXcQ/0.jpg
784222a5-113a-4fb2-a328-045dfd323d1b,How to Use Cleanser,cleanser,"cleanser,beauty,tutorial",https://www.youtube.com/watch?v=dQw4w9WgXcQ,https://img.youtube.com/vi/dQw4w9WgXcQ/0.jpg
0664cf12-2e62-4eba-88d9-bb4e22e22bbd,How to Use Sunscreen,sunscreen,"sunscreen,beauty,tutorial",https://www.youtube.com/watch?v=dQw4w9WgXcQ,https://img.youtube.com/vi/dQw4w9WgXcQ/0.jpg
9c6a2929-a8ed-4382-91d1-6a97a407e207,How to Use Foundation,foundation,"foundation,beauty,tutorial",https://www.youtube.com/watch?v=dQw4w9WgXcQ,https://img.youtube.com/vi/dQw4w9WgXcQ/0.jpg
1dac1d10-5feb-4e12-9086-b56385d4f722,How to Use Sunscreen,sunscreen,"sunscreen,beauty,tutorial",https://www.youtube.com/watch?v=dQw4w9WgXcQ,https://img.youtube.com/vi/dQw4w9WgXcQ/0.jpg
d579a57d-d8d0-488d-9873-212b2900769c,How to Use Lipstick,lipstick,"lipstick,beauty,tutorial",https://www.youtube.com/watch?v=dQw4w9WgXcQ,https://img.youtube.com/vi/dQw4w9WgXcQ/0.jpg
bda3c0b1-8373-45e2-8256-e0903cea082d,How to Use Sunscreen,sunscreen,"sunscreen,beauty,tutorial",https://www.youtube.com/watch?v=dQw4w9WgXcQ,https://img.youtube.com/vi/dQw4w9WgXcQ/0.jpg
26560bb8-574a-4301-a13d-e70aa2ac6290,How to Use Sunscreen,sunscreen,"sunscreen,beauty,tutorial",https://www.youtube.com/watch?v=dQw4w9WgXcQ,https://img.youtube.com/vi/dQw4w9WgXcQ/0.jpg
aff66d9c-3356-4109-9e0b-55efa12df978,How to Use Sunscreen,sunscreen,"sunscreen,beauty,tutorial",https://www.youtube.com/watch?v=dQw4w9WgXcQ,https://img.youtube.com/vi/dQw4w9WgXcQ/0.jpg
dc827afe-e8c3-40bd-ae01-ef52d7493ad0,How to Use Sunscreen,sunscreen,"sunscreen,beauty,tutorial",https://www.youtube.com/watch?v=dQw4w9WgXcQ,https://img.youtube.com/vi/dQw4w9WgXcQ/0.jpg
cd0a5e51-f28e-4372-9d86-0c968fbe6293,How to Use Sunscreen,sunscreen,"sunscreen,beauty,tutorial",https://www.youtube.com/watch?v=dQw4w9WgXcQ,https://img.youtube.com/vi/dQw4w9WgXcQ/0.jpg
09589857-6c51-4788-b42d-8fd6c5302c25,How to Use Moisturizer,moisturizer,"moisturizer,beauty,tutorial",https://www.youtube.com/watch?v=dQw4w9WgXcQ,https://img.youtube.com/vi/dQw4w9WgXcQ/0.jpg
61bbe6c0-9798-48d2-ad23-1a0cf34cde10,How to Use Sunscreen,sunscreen,"sunscreen,beauty,tutorial",https://www.youtube.com/watch?v=dQw4w9WgXcQ,https://img.youtube.com/vi/dQw4w9WgXcQ/0.jpg
b0db8885-bbd6-4dc1-b0fe-326d224f9e93,How to Use Serum,serum,"serum,beauty,tutorial",https://www.youtube.com/watch?v=dQw4w9WgXcQ,https://img.youtube.com/vi/dQw4w9WgXcQ/0.jpg
34f2a0e6-ca95-43d4-ad7a-10edd3d4c82a,How to Use Sunscreen,sunscreen,"sunscreen,beauty,tutorial",https://www.youtube.com/watch?v=dQw4w9WgXcQ,https://img.youtube.com/vi/dQw4w9WgXcQ/0.jpg
4632fadb-c067-4468-b52b-0991a615927d,How to Use Cleanser,cleanser,"cleanser,beauty,tutorial",https://www.youtube.com/watch?v=dQw4w9WgXcQ,https://img.youtube.com/vi/dQw4w9WgXcQ/0.jpg
5b4db643-94b0-45f5-881b-4bcd9d619d46,How to Use Lipstick,lipstick,"lipstick,beauty,tutorial",https://www.youtube.com/watch?v=dQw4w9WgXcQ,https://img.youtube.com/vi/dQw4w9WgXcQ/0.jpg
0b4e1dba-9179-4c49-8c28-96d4dcbc6176,How to Use Serum,serum,"serum,beauty,tutorial",https://www.youtube.com/watch?v=dQw4w9WgXcQ,https://img.youtube.com/vi/dQw4w9WgXcQ/0.jpg
4627a771-2467-4360-ae91-6e427597d792,How to Use Lipstick,lipstick,"lipstick,beauty,tutorial",https://www.youtube.com/watch?v=dQw4w9WgXcQ,https://img.youtube.com/vi/dQw4w9WgXcQ/0.jpg
c97f627f-fa89-4769-930a-8255044bfb34,How to Use Lipstick,lipstick,"lipstick,beauty,tutorial",https://www.youtube.com/watch?v=dQw4w9WgXcQ,https://img.youtube.com/vi/dQw4w9WgXcQ/0.jpg
df387708-f0a3-447b-ae42-b90cd2071333,How to Use Lipstick,lipstick,"lipstick,beauty,tutorial",https://www.youtube.com/watch?v=dQw4w9WgXcQ,https://img.youtube.com/vi/dQw4w9WgXcQ/0.jpg
10162318-d81d-4c89-bf62-170ed4364104,How to Use Sunscreen,sunscreen,"sunscreen,beauty,tutorial",https://www.youtube.com/watch?v=dQw4w9WgXcQ,https://img.youtube.com/vi/dQw4w9WgXcQ/0.jpg
72368b2e-dc41-445e-8f83-45432f05f612,How to Use Lipstick,lipstick,"lipstick,beauty,tutorial",https://www.youtube.com/watch?v=dQw4w9WgXcQ,https://img.youtube.com/vi/dQw4w9WgXcQ/0.jpg
28c1a8de-9a99-4a08-845f-9221f3799437,How to Use Serum,serum,"serum,beauty,tutorial",https://www.youtube.com/watch?v=dQw4w9WgXcQ,https://img.youtube.com/vi/dQw4w9WgXcQ/0.jpg
947659e2-aafe-43f9-bcab-e50df3f580dd,How to Use Moisturizer,moisturizer,"moisturizer,beauty,tutorial",https://www.youtube.com/watch?v=dQw4w9WgXcQ,https://img.youtube.com/vi/dQw4w9WgXcQ/0.jpg
e409b316-36ce-4216-9e41-0daf4867a9ef,How to Use Cleanser,cleanser,"cleanser,beauty,tutorial",https://www.youtube.com/watch?v=dQw4w9WgXcQ,https://img.youtube.com/vi/dQw4w9WgXcQ/0.jpg
07e62a49-62d5-41de-b0ba-cbe8058d35e4,How to Use Moisturizer,moisturizer,"moisturizer,beauty,tutorial",https://www.youtube.com/watch?v=dQw4w9WgXcQ,https://img.youtube.com/vi/dQw4w9WgXcQ/0.jpg
e1231a7c-d258-4609-9a17-2c11a13eca49,How to Use Foundation,foundation,"foundation,beauty,tutorial",https://www.youtube.com/watch?v=dQw4w9WgXcQ,https://img.youtube.com/vi/dQw4w9WgXcQ/0.jpg
c00527c6-6121-4e5a-84f4-33c2bbc5f2a2,How to Use Cleanser,cleanser,"cleanser,beauty,tutorial",https://www.youtube.com/watch?v=dQw4w9WgXcQ,https://img.youtube.com/vi/dQw4w9WgXcQ/0.jpg
edb737bb-478f-4106-9bf5-318032fbcad1,How to Use Lipstick,lipstick,"lipstick,beauty,tutorial",https://www.youtube.com/watch?v=dQw4w9WgXcQ,https://img.youtube.com/vi/dQw4w9WgXcQ/0.jpg
c7426103-1238-45ee-9a51-89a1e89a7d16,How to Use Foundation,foundation,"foundation,beauty,tutorial",https://www.youtube.com/watch?v=dQw4w9WgXcQ,https://img.youtube.com/vi/dQw4w9WgXcQ/0.jpg
31de7e80-cfe1-42cd-a5f7-0e0089b356c3,How to Use Moisturizer,moisturizer,"moisturizer,beauty,tutorial",https://www.youtube.com/watch?v=dQw4w9WgXcQ,https://img.youtube.com/vi/dQw4w9WgXcQ/0.jpg
dda65764-3211-4b0d-9663-d33d4bb3f6ab,How to Use Lipstick,lipstick,"lipstick,beauty,tutorial",https://www.youtube.com/watch?v=dQw4w9WgXcQ,https://img.youtube.com/vi/dQw4w9WgXcQ/0.jpg
4e98c086-129f-476f-957e-a1e0e907bbb3,How to Use Serum,serum,"serum,beauty,tutorial",https://www.youtube.com/watch?v=dQw4w9WgXcQ,https://img.youtube.com/vi/dQw4w9WgXcQ/0.jpg
c220aed2-cafe-49ab-98c5-dc4c08e17574,How to Use Cleanser,cleanser,"cleanser,beauty,tutorial",https://www.youtube.com/watch?v=dQw4w9WgXcQ,https://img.youtube.com/vi/dQw4w9WgXcQ/0.jpg
acb33af6-e36f-4b22-84df-e9785ccfc85f,How to Use Moisturizer,moisturizer,"moisturizer,beauty,tutorial",https://www.youtube.com/watch?v=dQw4w9WgXcQ,https://img.youtube.com/vi/dQw4w9WgXcQ/0.jpg
bdf10dae-15af-4934-a7aa-53bdb46b0487,How to Use Sunscreen,sunscreen,"sunscreen,beauty,tutorial",https://www.youtube.com/watch?v=dQw4w9WgXcQ,https://img.youtube.com/vi/dQw4w9WgXcQ/0.jpg
9eab3078-eda7-49dd-a0a3-3ab6e13ca951,How to Use Sunscreen,sunscreen,"sunscreen,beauty,tutorial",https://www.youtube.com/watch?v=dQw4w9WgXcQ,https://img.youtube.com/vi/dQw4w9WgXcQ/0.jpg
5d06cfc4-1065-47ca-90c3-dd00908ff5ce,How to Use Serum,serum,"serum,beauty,tutorial",https://www.youtube.com/watch?v=dQw4w9WgXcQ,https://img.youtube.com/vi/dQw4w9WgXcQ/0.jpg
028b5742-48c8-4d53-b0aa-788ac397bbae,How to Use Moisturizer,moisturizer,"moisturizer,beauty,tutorial",https://www.youtube.com/watch?v=dQw4w9WgXcQ,https://img.youtube.com/vi/dQw4w9WgXcQ/0.jpg
0014d035-5d81-47c8-9233-cbc27ea06c2c,How to Use Cleanser,cleanser,"cleanser,beauty,tutorial",https://www.youtube.com/watch?v=dQw4w9WgXcQ,https://img.youtube.com/vi/dQw4w9WgXcQ/0.jpg
ef0ede02-cbf1-4ccb-9f5d-debd55fa19c1,How to Use Foundation,foundation,"foundation,beauty,tutorial",https://www.youtube.com/watch?v=dQw4w9WgXcQ,https://img.youtube.com/vi/dQw4w9WgXcQ/0.jpg
5f2c7181-efba-4724-963c-8e80b607f609,How to Use Serum,serum,"serum,beauty,tutorial",https://www.youtube.com/watch?v=dQw4w9WgXcQ,https://img.youtube.com/vi/dQw4w9WgXcQ/0.jpg
4faac37f-a55e-4379-9674-4748e0de1883,How to Use Serum,serum,"serum,beauty,tutorial",https://www.youtube.com/watch?v=dQw4w9WgXcQ,https://img.youtube.com/vi/dQw4w9WgXcQ/0.jpg
df7b2280-a1c1-4af5-bfe8-a36e1f98f19b,How to Use Serum,serum,"serum,beauty,tutorial",https://www.youtube.com/watch?v=dQw4w9WgXcQ,https://img.youtube.com/vi/dQw4w9WgXcQ/0.jpg
fe9fa3a1-390c-4849-803e-8aab9d0d4a70,How to Use Lipstick,lipstick,"lipstick,beauty,tutorial",https://www.youtube.com/watch?v=dQw4w9WgXcQ,https://img.youtube.com/vi/dQw4w9WgXcQ/0.jpg
4deaac9d-875d-4a40-89ee-504fde862c4a,How to Use Foundation,foundation,"foundation,beauty,tutorial",https://www.youtube.com/watch?v=dQw4w9WgXcQ,https://img.youtube.com/vi/dQw4w9WgXcQ/0.jpg
dff7aec7-7fa0-4683-b5c5-4f8886855f7b,How to Use Foundation,foundation,"foundation,beauty,tutorial",https://www.youtube.com/watch?v=dQw4w9WgXcQ,https://img.youtube.com/vi/dQw4w9WgXcQ/0.jpg
3293d977-3ebb-419c-91c5-d058a0bf618a,How to Use Serum,serum,"serum,beauty,tutorial",https://www.youtube.com/watch?v=dQw4w9WgXcQ,https://img.youtube.com/vi/dQw4w9WgXcQ/0.jpg
b78083eb-4796-46a0-92bb-1c9bbdf9b7d1,How to Use Cleanser,cleanser,"cleanser,beauty,tutorial",https://www.youtube.com/watch?v=dQw4w9WgXcQ,https://img.youtube.com/vi/dQw4w9WgXcQ/0.jpg
75bf2524-5946-465d-9f0e-426b746071aa,How to Use Serum,serum,"serum,beauty,tutorial",https://www.youtube.com/watch?v=dQw4w9WgXcQ,https://img.youtube.com/vi/dQw4w9WgXcQ/0.jpg
f7e65eb6-afda-4f23-8a55-1435e777be95,How to Use Sunscreen,sunscreen,"sunscreen,beauty,tutorial",https://www.youtube.com/watch?v=dQw4w9WgXcQ,https://img.youtube.com/vi/dQw4w9WgXcQ/0.jpg
5a73ce30-fe20-421c-b93f-a5aef270ced6,How to Use Foundation,foundation,"foundation,beauty,tutorial",https://www.youtube.com/watch?v=dQw4w9WgXcQ,https://img.youtube.com/vi/dQw4w9WgXcQ/0.jpg
107c9415-acc3-4abb-863a-317f31ae1263,How to Use Moisturizer,moisturizer,"moisturizer,beauty,tutorial",https://www.youtube.com/watch?v=dQw4w9WgXcQ,https://img.youtube.com/vi/dQw4w9WgXcQ/0.jpg
8d451ece-a594-48eb-9ff6-c1a54e88af76,How to Use Sunscreen,sunscreen,"sunscreen,beauty,tutorial",https://www.youtube.com/watch?v=dQw4w9WgXcQ,https://img.youtube.com/vi/dQw4w9WgXcQ/0.jpg
710673d2-1997-4de3-aa60-efcf8815c267,How to Use Lipstick,lipstick,"lipstick,beauty,tutorial",https://www.youtube.com/watch?v=dQw4w9WgXcQ,https://img.youtube.com/vi/dQw4w9WgXcQ/0.jpg
1f5d25be-2e0d-4e1c-9ce0-7606340db7c9,How to Use Serum,serum,"serum,beauty,tutorial",https://www.youtube.com/watch?v=dQw4w9WgXcQ,https://img.youtube.com/vi/dQw4w9WgXcQ/0.jpg
5b9431c6-c5a7-4fb1-a023-5f21dd87c350,How to Use Lipstick,lipstick,"lipstick,beauty,tutorial",https://www.youtube.com/watch?v=dQw4w9WgXcQ,https://img.youtube.com/vi/dQw4w9WgXcQ/0.jpg
fb802c9d-5070-4d1d-a5a6-d18ac2df5b8a,How to Use Sunscreen,sunscreen,"sunscreen,beauty,tutorial",https://www.youtube.com/watch?v=dQw4w9WgXcQ,https://img.youtube.com/vi/dQw4w9WgXcQ/0.jpg
abe38d25-b96d-485b-acfd-07348559d905,How to Use Moisturizer,moisturizer,"moisturizer,beauty,tutorial",https://www.youtube.com/watch?v=dQw4w9WgXcQ,https://img.youtube.com/vi/dQw4w9WgXcQ/0.jpg
c6820ae6-41aa-447c-b40d-97598e241379,How to Use Serum,serum,"serum,beauty,tutorial",https://www.youtube.com/watch?v=dQw4w9WgXcQ,https://img.youtube.com/vi/dQw4w9WgXcQ/0.jpg
ebef4070-cc88-4b94-9e39-6ffb3980ffaa,How to Use Lipstick,lipstick,"lipstick,beauty,tutorial",https://www.youtube.com/watch?v=dQw4w9WgXcQ,https://img.youtube.com/vi/dQw4w9WgXcQ/0.jpg
0141b5ce-4b7e-4c6c-9428-abbe4e591a46,How to Use Lipstick,lipstick,"lipstick,beauty,tutorial",https://www.youtube.com/watch?v=dQw4w9WgXcQ,https://img.youtube.com/vi/dQw4w9WgXcQ/0.jpg
7ac73a1e-05fc-4586-bfa1-f331d5df5353,How to Use Serum,serum,"serum,beauty,tutorial",https://www.youtube.com/watch?v=dQw4w9WgXcQ,https://img.youtube.com/vi/dQw4w9WgXcQ/0.jpg
4abe04c8-b41c-44a5-a13a-27674fdbf382,How to Use Serum,serum,"serum,beauty,tutorial",https://www.youtube.com/watch?v=dQw4w9WgXcQ,https://img.youtube.com/vi/dQw4w9WgXcQ/0.jpg
6c9ee060-30c9-4f98-abde-a3ad6849a54b,How to Use Lipstick,lipstick,"lipstick,beauty,tutorial",https://www.youtube.com/watch?v=dQw4w9WgXcQ,https://img.youtube.com/vi/dQw4w9WgXcQ/0.jpg
9fa618ab-6d83-4774-ab1b-48954e6dbe9e,How to Use Serum,serum,"serum,beauty,tutorial",https://www.youtube.com/watch?v=dQw4w9WgXcQ,https://img.youtube.com/vi/dQw4w9WgXcQ/0.jpg
2503021e-6cc4-48e9-99ac-7bc71ba72bb1,How to Use Sunscreen,sunscreen,"sunscreen,beauty,tutorial",https://www.youtube.com/watch?v=dQw4w9WgXcQ,https://img.youtube.com/vi/dQw4w9WgXcQ/0.jpg
cbf39b3b-40a9-491d-85b4-5a0f717ff11b,How to Use Sunscreen,sunscreen,"sunscreen,beauty,tutorial",https://www.youtube.com/watch?v=dQw4w9WgXcQ,https://img.youtube.com/vi/dQw4w9WgXcQ/0.jpg
58d6a292-7611-4492-822e-db23d50efb8a,How to Use Cleanser,cleanser,"cleanser,beauty,tutorial",https://www.youtube.com/watch?v=dQw4w9WgXcQ,https://img.youtube.com/vi/dQw4w9WgXcQ/0.jpg
f3b3ca2e-159b-4dc6-b570-1ec69e9a1f15,How to Use Serum,serum,"serum,beauty,tutorial",https://www.youtube.com/watch?v=dQw4w9WgXcQ,https://img.youtube.com/vi/dQw4w9WgXcQ/0.jpg
0086a76b-6fb6-433b-b18c-56e2b5ce968c,How to Use Cleanser,cleanser,"cleanser,beauty,tutorial",https://www.youtube.com/watch?v=dQw4w9WgXcQ,https://img.youtube.com/vi/dQw4w9WgXcQ/0.jpg
eed7f678-8c55-4363-88cc-5f990865030a,How to Use Serum,serum,"serum,beauty,tutorial",https://www.youtube.com/watch?v=dQw4w9WgXcQ,https://img.youtube.com/vi/dQw4w9WgXcQ/0.jpg
4dd1e0fb-d297-4125-a385-c44ed59d3f65,How to Use Sunscreen,sunscreen,"sunscreen,beauty,tutorial",https://www.youtube.com/watch?v=dQw4w9WgXcQ,https://img.youtube.com/vi/dQw4w9WgXcQ/0.jpg
34e16525-c216-4d20-8c40-01dd3d2c3dfa,How to Use Serum,serum,"serum,beauty,tutorial",https://www.youtube.com/watch?v=dQw4w9WgXcQ,https://img.youtube.com/vi/dQw4w9WgXcQ/0.jpg
7d71a3fd-ff3c-40ee-8638-78a101e42a3c,How to Use Cleanser,cleanser,"cleanser,beauty,tutorial",https://www.youtube.com/watch?v=dQw4w9WgXcQ,https://img.youtube.com/vi/dQw4w9WgXcQ/0.jpg
ac5678ca-275c-4043-bac4-ce8087b6e0b4,How to Use Serum,serum,"serum,beauty,tutorial",https://www.youtube.com/watch?v=dQw4w9WgXcQ,https://img.youtube.com/vi/dQw4w9WgXcQ/0.jpg
29cac7f6-a6e9-4209-a3da-143fc3e9448b,How to Use Serum,serum,"serum,beauty,tutorial",https://www.youtube.com/watch?v=dQw4w9WgXcQ,https://img.youtube.com/vi/dQw4w9WgXcQ/0.jpg
f4a1e4cf-13e6-4d36-960b-4c8967a2acf8,How to Use Lipstick,lipstick,"lipstick,beauty,tutorial",https://www.youtube.com/watch?v=dQw4w9WgXcQ,https://img.youtube.com/vi/dQw4w9WgXcQ/0.jpg
9ccfdda5-c6c2-4e78-ab29-2ae3f554356e,How to Use Moisturizer,moisturizer,"moisturizer,beauty,tutorial",https://www.youtube.com/watch?v=dQw4w9WgXcQ,https://img.youtube.com/vi/dQw4w9WgXcQ/0.jpg
60a4cac6-d986-4ba6-87a4-3ea970b01348,How to Use Sunscreen,sunscreen,"sunscreen,beauty,tutorial",https://www.youtube.com/watch?v=dQw4w9WgXcQ,https://img.youtube.com/vi/dQw4w9WgXcQ/0.jpg
5b453803-ecc3-4f7c-b773-156e6a086818,How to Use Serum,serum,"serum,beauty,tutorial",https://www.youtube.com/watch?v=dQw4w9WgXcQ,https://img.youtube.com/vi/dQw4w9WgXcQ/0.jpg
839f8d3b-9745-4eaa-bc2c-a68236ca2e7f,How to Use Cleanser,cleanser,"cleanser,beauty,tutorial",https://www.youtube.com/watch?v=dQw4w9WgXcQ,https://img.youtube.com/vi/dQw4w9WgXcQ/0.jpg
27027b03-27bf-4bd4-9402-ee9f14c23718,How to Use Serum,serum,"serum,beauty,tutorial",https://www.youtube.com/watch?v=dQw4w9WgXcQ,https://img.youtube.com/vi/dQw4w9WgXcQ/0.jpg
26eec4b3-35f5-4171-89f1-6b811115b307,How to Use Serum,serum,"serum,beauty,tutorial",https://www.youtube.com/watch?v=dQw4w9WgXcQ,https://img.youtube.com/vi/dQw4w9WgXcQ/0.jpg
fc988d8b-7e57-4e38-be50-4618dd8c5396,How to Use Cleanser,cleanser,"cleanser,beauty,tutorial",https://www.youtube.com/watch?v=dQw4w9WgXcQ,https://img.youtube.com/vi/dQw4w9WgXcQ/0.jpg
b637bb9e-235a-4b85-8d80-aaae00b63ae0,How to Use Moisturizer,moisturizer,"moisturizer,beauty,tutorial",https://www.youtube.com/watch?v=dQw4w9WgXcQ,https://img.youtube.com/vi/dQw4w9WgXcQ/0.jpg
774360a0-3529-4872-a5f3-03758116c7bd,How to Use Lipstick,lipstick,"lipstick,beauty,tutorial",https://www.youtube.com/watch?v=dQw4w9WgXcQ,https://img.youtube.com/vi/dQw4w9WgXcQ/0.jpg
3aa86ffb-ae28-43df-a9be-651b8d48e534,How to Use Foundation,foundation,"foundation,beauty,tutorial",https://www.youtube.com/watch?v=dQw4w9WgXcQ,https://img.youtube.com/vi/dQw4w9WgXcQ/0.jpg
89f562dd-af00-47ba-9503-253eab8575af,How to Use Lipstick,lipstick,"lipstick,beauty,tutorial",https://www.youtube.com/watch?v=dQw4w9WgXcQ,https://img.youtube.com/vi/dQw4w9WgXcQ/0.jpg
967ae81e-a521-49d7-9ae0-aba09318487e,How to Use Moisturizer,moisturizer,"moisturizer,beauty,tutorial",https://www.youtube.com/watch?v=dQw4w9WgXcQ,https://img.youtube.com/vi/dQw4w9WgXcQ/0.jpg
9b613a2a-090c-4787-90e3-07d2f8ad0501,How to Use Sunscreen,sunscreen,"sunscreen,beauty,tutorial",https://www.youtube.com/watch?v=dQw4w9WgXcQ,https://img.youtube.com/vi/dQw4w9WgXcQ/0.jpg
ec6ae377-a1ad-4bb7-865d-6ffbf185126b,How to Use Serum,serum,"serum,beauty,tutorial",https://www.youtube.com/watch?v=dQw4w9WgXcQ,https://img.youtube.com/vi/dQw4w9WgXcQ/0.jpg
ad570c58-96bb-4d30-9c0f-cfd88d885a68,How to Use Cleanser,cleanser,"cleanser,beauty,tutorial",https://www.youtube.com/watch?v=dQw4w9WgXcQ,https://img.youtube.com/vi/dQw4w9WgXcQ/0.jpg
48321246-7c5c-4915-8d09-688cb6541b1b,How to Use Serum,serum,"serum,beauty,tutorial",https://www.youtube.com/watch?v=dQw4w9WgXcQ,https://img.youtube.com/vi/dQw4w9WgXcQ/0.jpg
2833345a-953e-43ef-a10f-33226fc18266,How to Use Sunscreen,sunscreen,"sunscreen,beauty,tutorial",https://www.youtube.com/watch?v=dQw4w9WgXcQ,https://img.youtube.com/vi/dQw4w9WgXcQ/0.jpg
2ebf8408-fa8c-42d9-87c9-6da8bbffdfa3,How to Use Foundation,foundation,"foundation,beauty,tutorial",https://www.youtube.com/watch?v=dQw4w9WgXcQ,https://img.youtube.com/vi/dQw4w9WgXcQ/0.jpg
97faa67c-177c-4c03-9776-9f9c8ac54de3,How to Use Cleanser,cleanser,"cleanser,beauty,tutorial",https://www.youtube.com/watch?v=dQw4w9WgXcQ,https://img.youtube.com/vi/dQw4w9WgXcQ/0.jpg
0a7c85bc-37af-432c-9601-1a4b5c62899e,How to Use Cleanser,cleanser,"cleanser,beauty,tutorial",https://www.youtube.com/watch?v=dQw4w9WgXcQ,https://img.youtube.com/vi/dQw4w9WgXcQ/0.jpg
9bf19769-7178-4c12-8c57-226cdb3b00e3,How to Use Sunscreen,sunscreen,"sunscreen,beauty,tutorial",https://www.youtube.com/watch?v=dQw4w9WgXcQ,https://img.youtube.com/vi/dQw4w9WgXcQ/0.jpg
0c458e79-926b-4959-b413-b7c126f4e17f,How to Use Lipstick,lipstick,"lipstick,beauty,tutorial",https://www.youtube.com/watch?v=dQw4w9WgXcQ,https://img.youtube.com/vi/dQw4w9WgXcQ/0.jpg
02a550d4-e6a2-4f15-8176-be4da23c1266,How to Use Sunscreen,sunscreen,"sunscreen,beauty,tutorial",https://www.youtube.com/watch?v=dQw4w9WgXcQ,https://img.youtube.com/vi/dQw4w9WgXcQ/0.jpg
6490669c-401d-4f32-984a-e0faa3ef0d7f,How to Use Serum,serum,"serum,beauty,tutorial",https://www.youtube.com/watch?v=dQw4w9WgXcQ,https://img.youtube.com/vi/dQw4w9WgXcQ/0.jpg
faa7c2fc-ba5f-400e-929d-637893381ed1,How to Use Cleanser,cleanser,"cleanser,beauty,tutorial",https://www.youtube.com/watch?v=dQw4w9WgXcQ,https://img.youtube.com/vi/dQw4w9WgXcQ/0.jpg
c53c5e0c-2f44-4645-ac7f-69f182a9eeb9,How to Use Serum,serum,"serum,beauty,tutorial",https://www.youtube.com/watch?v=dQw4w9WgXcQ,https://img.youtube.com/vi/dQw4w9WgXcQ/0.jpg
1b563c88-1cb4-43b9-8253-c4d75bf7cc62,How to Use Moisturizer,moisturizer,"moisturizer,beauty,tutorial",https://www.youtube.com/watch?v=dQw4w9WgXcQ,https://img.youtube.com/vi/dQw4w9WgXcQ/0.jpg
75a9e28f-b31b-4cad-b520-312721b7a9c7,How to Use Cleanser,cleanser,"cleanser,beauty,tutorial",https://www.youtube.com/watch?v=dQw4w9WgXcQ,https://img.youtube.com/vi/dQw4w9WgXcQ/0.jpg
54f9ebc1-d91e-43d7-88f0-995a4efe72e1,How to Use Serum,serum,"serum,beauty,tutorial",https://www.youtube.com/watch?v=dQw4w9WgXcQ,https://img.youtube.com/vi/dQw4w9WgXcQ/0.jpg
a4fb6978-78a2-46e4-bd53-f9d3e9994f53,How to Use Sunscreen,sunscreen,"sunscreen,beauty,tutorial",https://www.youtube.com/watch?v=dQw4w9WgXcQ,https://img.youtube.com/vi/dQw4w9WgXcQ/0.jpg
63850fc3-a8f4-416b-a7f4-d90420f28e24,How to Use Serum,serum,"serum,beauty,tutorial",https://www.youtube.com/watch?v=dQw4w9WgXcQ,https://img.youtube.com/vi/dQw4w9WgXcQ/0.jpg
14bf5ad0-cbc6-4254-8d8a-c521e608afa7,How to Use Foundation,foundation,"foundation,beauty,tutorial",https://www.youtube.com/watch?v=dQw4w9WgXcQ,https://img.youtube.com/vi/dQw4w9WgXcQ/0.jpg
fe8bab04-f912-4c64-b46c-0bc88ca207cb,How to Use Sunscreen,sunscreen,"sunscreen,beauty,tutorial",https://www.youtube.com/watch?v=dQw4w9WgXcQ,https://img.youtube.com/vi/dQw4w9WgXcQ/0.jpg
cd371feb-280d-430e-8116-e4c548d62cd0,How to Use Foundation,foundation,"foundation,beauty,tutorial",https://www.youtube.com/watch?v=dQw4w9WgXcQ,https://img.youtube.com/vi/dQw4w9WgXcQ/0.jpg
0515fec1-abda-41e2-bef7-49218b15f3ca,How to Use Sunscreen,sunscreen,"sunscreen,beauty,tutorial",https://www.youtube.com/watch?v=dQw4w9WgXcQ,https://img.youtube.com/vi/dQw4w9WgXcQ/0.jpg
95f64402-e25d-48ba-a70e-a064b8584baf,How to Use Foundation,foundation,"foundation,beauty,tutorial",https://www.youtube.com/watch?v=dQw4w9WgXcQ,https://img.youtube.com/vi/dQw4w9WgXcQ/0.jpg
c2256c1d-92c3-47d3-819a-ae43003c6ab9,How to Use Foundation,foundation,"foundation,beauty,tutorial",https://www.youtube.com/watch?v=dQw4w9WgXcQ,https://img.youtube.com/vi/dQw4w9WgXcQ/0.jpg
5639081d-4c18-49d6-806e-d9d4d010a475,How to Use Lipstick,lipstick,"lipstick,beauty,tutorial",https://www.youtube.com/watch?v=dQw4w9WgXcQ,https://img.youtube.com/vi/dQw4w9WgXcQ/0.jpg
b51b67db-130c-47b0-97a7-054cb23fda21,How to Use Lipstick,lipstick,"lipstick,beauty,tutorial",https://www.youtube.com/watch?v=dQw4w9WgXcQ,https://img.youtube.com/vi/dQw4w9WgXcQ/0.jpg
567d6e51-844b-4afd-b577-4e4799b6011f,How to Use Cleanser,cleanser,"cleanser,beauty,tutorial",https://www.youtube.com/watch?v=dQw4w9WgXcQ,https://img.youtube.com/vi/dQw4w9WgXcQ/0.jpg
37141c32-e14d-4cb1-9daa-388e531600bb,How to Use Sunscreen,sunscreen,"sunscreen,beauty,tutorial",https://www.youtube.com/watch?v=dQw4w9WgXcQ,https://img.youtube.com/vi/dQw4w9WgXcQ/0.jpg
77418775-698c-4bcc-8a28-0531af3659df,How to Use Cleanser,cleanser,"cleanser,beauty,tutorial",https://www.youtube.com/watch?v=dQw4w9WgXcQ,https://img.youtube.com/vi/dQw4w9WgXcQ/0.jpg
0ba146ea-af24-474d-8dc1-de991158d2bb,How to Use Moisturizer,moisturizer,"moisturizer,beauty,tutorial",https://www.youtube.com/watch?v=dQw4w9WgXcQ,https://img.youtube.com/vi/dQw4w9WgXcQ/0.jpg
98599644-0577-4d88-b117-33a3058fc432,How to Use Serum,serum,"serum,beauty,tutorial",https://www.youtube.com/watch?v=dQw4w9WgXcQ,https://img.youtube.com/vi/dQw4w9WgXcQ/0.jpg
ea15cf2b-7b68-4efc-a9ae-0c14d43e2ca4,How to Use Moisturizer,moisturizer,"moisturizer,beauty,tutorial",https://www.youtube.com/watch?v=dQw4w9WgXcQ,https://img.youtube.com/vi/dQw4w9WgXcQ/0.jpg
69ea5618-c38a-4cfd-a289-8e376ba2cf36,How to Use Moisturizer,moisturizer,"moisturizer,beauty,tutorial",https://www.youtube.com/watch?v=dQw4w9WgXcQ,https://img.youtube.com/vi/dQw4w9WgXcQ/0.jpg
a64ad0bf-c025-42ef-bd2c-605742a64247,How to Use Serum,serum,"serum,beauty,tutorial",https://www.youtube.com/watch?v=dQw4w9WgXcQ,https://img.youtube.com/vi/dQw4w9WgXcQ/0.jpg
386faf47-824c-4416-a0e9-36ba962a4b00,How to Use Moisturizer,moisturizer,"moisturizer,beauty,tutorial",https://www.youtube.com/watch?v=dQw4w9WgXcQ,https://img.youtube.com/vi/dQw4w9WgXcQ/0.jpg
ff890e39-fb60-4ad2-8bd6-c85b4964d762,How to Use Moisturizer,moisturizer,"moisturizer,beauty,tutorial",https://www.youtube.com/watch?v=dQw4w9WgXcQ,https://img.youtube.com/vi/dQw4w9WgXcQ/0.jpg
3cca984a-caa8-40e9-9f3d-b23ad5529f0f,How to Use Sunscreen,sunscreen,"sunscreen,beauty,tutorial",https://www.youtube.com/watch?v=dQw4w9WgXcQ,https://img.youtube.com/vi/dQw4w9WgXcQ/0.jpg
6d5532da-a106-4cd6-ba6f-e76f5885775d,How to Use Serum,serum,"serum,beauty,tutorial",https://www.youtube.com/watch?v=dQw4w9WgXcQ,https://img.youtube.com/vi/dQw4w9WgXcQ/0.jpg
1b58cd29-ee8d-400b-b7b4-afc605e9d452,How to Use Cleanser,cleanser,"cleanser,beauty,tutorial",https://www.youtube.com/watch?v=dQw4w9WgXcQ,https://img.youtube.com/vi/dQw4w9WgXcQ/0.jpg
203409b6-9167-4681-87ea-677655e201bd,How to Use Foundation,foundation,"foundation,beauty,tutorial",https://www.youtube.com/watch?v=dQw4w9WgXcQ,https://img.youtube.com/vi/dQw4w9WgXcQ/0.jpg
4284628c-26e6-41f0-be45-5f3be26f8f75,How to Use Foundation,foundation,"foundation,beauty,tutorial",https://www.youtube.com/watch?v=dQw4w9WgXcQ,https://img.youtube.com/vi/dQw4w9WgXcQ/0.jpg
e03bfea3-e44d-4f3f-8666-b50c667ca1c3,How to Use Moisturizer,moisturizer,"moisturizer,beauty,tutorial",https://www.youtube.com/watch?v=dQw4w9WgXcQ,https://img.youtube.com/vi/dQw4w9WgXcQ/0.jpg
f90fe4b7-a21a-4ad1-821d-1e1a788aed2b,How to Use Lipstick,lipstick,"lipstick,beauty,tutorial",https://www.youtube.com/watch?v=dQw4w9WgXcQ,https://img.youtube.com/vi/dQw4w9WgXcQ/0.jpg
92a00535-9989-41de-a2b3-11300ff843f2,How to Use Serum,serum,"serum,beauty,tutorial",https://www.youtube.com/watch?v=dQw4w9WgXcQ,https://img.youtube.com/vi/dQw4w9WgXcQ/0.jpg
32e7a48f-278e-4216-8bc1-38b1a150a96a,How to Use Sunscreen,sunscreen,"sunscreen,beauty,tutorial",https://www.youtube.com/watch?v=dQw4w9WgXcQ,https://img.youtube.com/vi/dQw4w9WgXcQ/0.jpg
2bb4fc5c-dfa4-45b1-9289-b5305d8375dd,How to Use Sunscreen,sunscreen,"sunscreen,beauty,tutorial",https://www.youtube.com/watch?v=dQw4w9WgXcQ,https://img.youtube.com/vi/dQw4w9WgXcQ/0.jpg
6e00051b-84ad-4456-a935-a2fefb26ac4c,How to Use Moisturizer,moisturizer,"moisturizer,beauty,tutorial",https://www.youtube.com/watch?v=dQw4w9WgXcQ,https://img.youtube.com/vi/dQw4w9WgXcQ/0.jpg
0215a9f7-5bdd-45fa-9dac-8b1239fe8e9c,How to Use Foundation,foundation,"foundation,beauty,tutorial",https://www.youtube.com/watch?v=dQw4w9WgXcQ,https://img.youtube.com/vi/dQw4w9WgXcQ/0.jpg
6c12dfff-0095-4849-9374-e3bc6fd8a764,How to Use Lipstick,lipstick,"lipstick,beauty,tutorial",https://www.youtube.com/watch?v=dQw4w9WgXcQ,https://img.youtube.com/vi/dQw4w9WgXcQ/0.jpg
507a4e64-15b0-4af9-9d98-7223d17b66cd,How to Use Cleanser,cleanser,"cleanser,beauty,tutorial",https://www.youtube.com/watch?v=dQw4w9WgXcQ,https://img.youtube.com/vi/dQw4w9WgXcQ/0.jpg
10910d60-4b3c-40ec-8a3f-c05f7f0f3dcd,How to Use Lipstick,lipstick,"lipstick,beauty,tutorial",https://www.youtube.com/watch?v=dQw4w9WgXcQ,https://img.youtube.com/vi/dQw4w9WgXcQ/0.jpg
a9a59bad-9dcc-49de-b9ba-efbf5abab544,How to Use Lipstick,lipstick,"lipstick,beauty,tutorial",https://www.youtube.com/watch?v=dQw4w9WgXcQ,https://img.youtube.com/vi/dQw4w9WgXcQ/0.jpg
c0c9cadb-961a-4469-bd39-b422492b0b15,How to Use Sunscreen,sunscreen,"sunscreen,beauty,tutorial",https://www.youtube.com/watch?v=dQw4w9WgXcQ,https://img.youtube.com/vi/dQw4w9WgXcQ/0.jpg
639eb5ee-a853-42cc-be4d-edb0253dbc4c,How to Use Foundation,foundation,"foundation,beauty,tutorial",https://www.youtube.com/watch?v=dQw4w9WgXcQ,https://img.youtube.com/vi/dQw4w9WgXcQ/0.jpg
4a9476c6-0af9-4b46-97a4-2a999c146755,How to Use Cleanser,cleanser,"cleanser,beauty,tutorial",https://www.youtube.com/watch?v=dQw4w9WgXcQ,https://img.youtube.com/vi/dQw4w9WgXcQ/0.jpg
e3d98ed7-a8cc-48cd-af71-ce086378e7ae,How to Use Cleanser,cleanser,"cleanser,beauty,tutorial",https://www.youtube.com/watch?v=dQw4w9WgXcQ,https://img.youtube.com/vi/dQw4w9WgXcQ/0.jpg
24e0c9d9-7b66-4dcb-9bfe-f2bc03006c5e,How to Use Foundation,foundation,"foundation,beauty,tutorial",https://www.youtube.com/watch?v=dQw4w9WgXcQ,https://img.youtube.com/vi/dQw4w9WgXcQ/0.jpg
79264edb-a71b-4c9b-94ee-502511acc1a0,How to Use Serum,serum,"serum,beauty,tutorial",https://www.youtube.com/watch?v=dQw4w9WgXcQ,https://img.youtube.com/vi/dQw4w9WgXcQ/0.jpg
651f5eac-0a26-4c2e-8a5d-e4e59d269016,How to Use Cleanser,cleanser,"cleanser,beauty,tutorial",https://www.youtube.com/watch?v=dQw4w9WgXcQ,https://img.youtube.com/vi/dQw4w9WgXcQ/0.jpg
75b982fa-74c7-42f8-87c7-3e922fe0f2cc,How to Use Moisturizer,moisturizer,"moisturizer,beauty,tutorial",https://www.youtube.com/watch?v=dQw4w9WgXcQ,https://img.youtube.com/vi/dQw4w9WgXcQ/0.jpg
d1317839-131f-4b6d-8597-49adcb893670,How to Use Moisturizer,moisturizer,"moisturizer,beauty,tutorial",https://www.youtube.com/watch?v=dQw4w9WgXcQ,https://img.youtube.com/vi/dQw4w9WgXcQ/0.jpg
4fdc8033-f9a6-4b6a-b0c3-dd00ae910b95,How to Use Cleanser,cleanser,"cleanser,beauty,tutorial",https://www.youtube.com/watch?v=dQw4w9WgXcQ,https://img.youtube.com/vi/dQw4w9WgXcQ/0.jpg
67517610-2e63-43cb-bcd9-bb659592051f,How to Use Cleanser,cleanser,"cleanser,beauty,tutorial",https://www.youtube.com/watch?v=dQw4w9WgXcQ,https://img.youtube.com/vi/dQw4w9WgXcQ/0.jpg
bc37856e-8e42-48b2-b5b3-79c9de621b94,How to Use Lipstick,lipstick,"lipstick,beauty,tutorial",https://www.youtube.com/watch?v=dQw4w9WgXcQ,https://img.youtube.com/vi/dQw4w9WgXcQ/0.jpg
6024c3fa-46a9-4205-906e-3ee951a4b3ed,How to Use Moisturizer,moisturizer,"moisturizer,beauty,tutorial",https://www.youtube.com/watch?v=dQw4w9WgXcQ,https://img.youtube.com/vi/dQw4w9WgXcQ/0.jpg
b7c66f8b-1838-4bd1-8276-aacd3ea38f31,How to Use Cleanser,cleanser,"cleanser,beauty,tutorial",https://www.youtube.com/watch?v=dQw4w9WgXcQ,https://img.youtube.com/vi/dQw4w9WgXcQ/0.jpg
1a546d54-3471-49c0-8086-4567856c6817,How to Use Moisturizer,moisturizer,"moisturizer,beauty,tutorial",https://www.youtube.com/watch?v=dQw4w9WgXcQ,https://img.youtube.com/vi/dQw4w9WgXcQ/0.jpg
21b2a3cf-d15b-4c01-8598-40d92f4ce6d6,How to Use Sunscreen,sunscreen,"sunscreen,beauty,tutorial",https://www.youtube.com/watch?v=dQw4w9WgXcQ,https://img.youtube.com/vi/dQw4w9WgXcQ/0.jpg
81e8fc66-7efb-476d-be57-9851cde9f388,How to Use Foundation,foundation,"foundation,beauty,tutorial",https://www.youtube.com/watch?v=dQw4w9WgXcQ,https://img.youtube.com/vi/dQw4w9WgXcQ/0.jpg
5f0697c8-df4b-4945-8385-b5a0d2597ecc,How to Use Lipstick,lipstick,"lipstick,beauty,tutorial",https://www.youtube.com/watch?v=dQw4w9WgXcQ,https://img.youtube.com/vi/dQw4w9WgXcQ/0.jpg
525c982e-0a2e-4936-9474-23932bb8c511,How to Use Sunscreen,sunscreen,"sunscreen,beauty,tutorial",https://www.youtube.com/watch?v=dQw4w9WgXcQ,https://img.youtube.com/vi/dQw4w9WgXcQ/0.jpg
ba162e2d-aa94-43d8-b93c-6e7db7b64575,How to Use Cleanser,cleanser,"cleanser,beauty,tutorial",https://www.youtube.com/watch?v=dQw4w9WgXcQ,https://img.youtube.com/vi/dQw4w9WgXcQ/0.jpg
5668c8b7-e5ac-4b93-9b86-e0c6d715f67e,How to Use Moisturizer,moisturizer,"moisturizer,beauty,tutorial",https://www.youtube.com/watch?v=dQw4w9WgXcQ,https://img.youtube.com/vi/dQw4w9WgXcQ/0.jpg
ffb6e1b3-0907-4ca5-b42f-3bfa1ceb8b5a,How to Use Foundation,foundation,"foundation,beauty,tutorial",https://www.youtube.com/watch?v=dQw4w9WgXcQ,https://img.youtube.com/vi/dQw4w9WgXcQ/0.jpg
1ab7eed3-3a05-4eaf-ae9d-9e7d292ec116,How to Use Lipstick,lipstick,"lipstick,beauty,tutorial",https://www.youtube.com/watch?v=dQw4w9WgXcQ,https://img.youtube.com/vi/dQw4w9WgXcQ/0.jpg
8c71946a-93d6-44eb-a210-c017e84c1fda,How to Use Cleanser,cleanser,"cleanser,beauty,tutorial",https://www.youtube.com/watch?v=dQw4w9WgXcQ,https://img.youtube.com/vi/dQw4w9WgXcQ/0.jpg
ba33370f-87b9-4b8a-85cf-caafd0a0460a,How to Use Sunscreen,sunscreen,"sunscreen,beauty,tutorial",https://www.youtube.com/watch?v=dQw4w9WgXcQ,https://img.youtube.com/vi/dQw4w9WgXcQ/0.jpg
ed6f49ce-e985-4ec1-8e41-9cc3c6a3539a,How to Use Moisturizer,moisturizer,"moisturizer,beauty,tutorial",https://www.youtube.com/watch?v=dQw4w9WgXcQ,https://img.youtube.com/vi/dQw4w9WgXcQ/0.jpg
8a4e0792-ccc9-41c4-a82c-c6929eddb15c,How to Use Lipstick,lipstick,"lipstick,beauty,tutorial",https://www.youtube.com/watch?v=dQw4w9WgXcQ,https://img.youtube.com/vi/dQw4w9WgXcQ/0.jpg
f6126413-5fd8-4f5e-a3da-0c3df30984dc,How to Use Sunscreen,sunscreen,"sunscreen,beauty,tutorial",https://www.youtube.com/watch?v=dQw4w9WgXcQ,https://img.youtube.com/vi/dQw4w9WgXcQ/0.jpg
c418aa0b-0f7d-454a-a404-95342f2a01a6,How to Use Moisturizer,moisturizer,"moisturizer,beauty,tutorial",https://www.youtube.com/watch?v=dQw4w9WgXcQ,https://img.youtube.com/vi/dQw4w9WgXcQ/0.jpg
55bc7bd4-a5b3-4da7-a96e-da4055d27bcb,How to Use Cleanser,cleanser,"cleanser,beauty,tutorial",https://www.youtube.com/watch?v=dQw4w9WgXcQ,https://img.youtube.com/vi/dQw4w9WgXcQ/0.jpg
aaad40dc-9387-4d3c-9d57-d6a74c56a38e,How to Use Moisturizer,moisturizer,"moisturizer,beauty,tutorial",https://www.youtube.com/watch?v=dQw4w9WgXcQ,https://img.youtube.com/vi/dQw4w9WgXcQ/0.jpg
abbad051-554c-41c7-85ba-285c681b2ede,How to Use Sunscreen,sunscreen,"sunscreen,beauty,tutorial",https://www.youtube.com/watch?v=dQw4w9WgXcQ,https://img.youtube.com/vi/dQw4w9WgXcQ/0.jpg
2c9e321b-ca8d-430c-b2b7-3dd09cd9b9f6,How to Use Serum,serum,"serum,beauty,tutorial",https://www.youtube.com/watch?v=dQw4w9WgXcQ,https://img.youtube.com/vi/dQw4w9WgXcQ/0.jpg
94e50d36-c52d-490b-a265-268cf8cc6acc,How to Use Cleanser,cleanser,"cleanser,beauty,tutorial",https://www.youtube.com/watch?v=dQw4w9WgXcQ,https://img.youtube.com/vi/dQw4w9WgXcQ/0.jpg
d5e7dae4-5b3b-494a-a614-ecba5192f23b,How to Use Sunscreen,sunscreen,"sunscreen,beauty,tutorial",https://www.youtube.com/watch?v=dQw4w9WgXcQ,https://img.youtube.com/vi/dQw4w9WgXcQ/0.jpg
97fe2296-4471-4c0d-a724-675e1a844f7b,How to Use Moisturizer,moisturizer,"moisturizer,beauty,tutorial",https://www.youtube.com/watch?v=dQw4w9WgXcQ,https://img.youtube.com/vi/dQw4w9WgXcQ/0.jpg
7c4ae9ae-1580-47d6-b734-5d586d16921d,How to Use Cleanser,cleanser,"cleanser,beauty,tutorial",https://www.youtube.com/watch?v=dQw4w9WgXcQ,https://img.youtube.com/vi/dQw4w9WgXcQ/0.jpg
325c071c-fb92-41d5-86c2-c49ce204cf6c,How to Use Moisturizer,moisturizer,"moisturizer,beauty,tutorial",https://www.youtube.com/watch?v=dQw4w9WgXcQ,https://img.youtube.com/vi/dQw4w9WgXcQ/0.jpg
dcba34a1-ddfb-4edf-b97e-7949cdea0504,How to Use Cleanser,cleanser,"cleanser,beauty,tutorial",https://www.youtube.com/watch?v=dQw4w9WgXcQ,https://img.youtube.com/vi/dQw4w9WgXcQ/0.jpg
1a1bca2d-fbf9-484d-8561-9a93fe471e93,How to Use Cleanser,cleanser,"cleanser,beauty,tutorial",https://www.youtube.com/watch?v=dQw4w9WgXcQ,https://img.youtube.com/vi/dQw4w9WgXcQ/0.jpg
dc0b0bc3-a5b2-4826-aa38-fe800348f65a,How to Use Foundation,foundation,"foundation,beauty,tutorial",https://www.youtube.com/watch?v=dQw4w9WgXcQ,https://img.youtube.com/vi/dQw4w9WgXcQ/0.jpg
2e978b40-a0b4-4905-b485-188cab0a465b,How to Use Moisturizer,moisturizer,"moisturizer,beauty,tutorial",https://www.youtube.com/watch?v=dQw4w9WgXcQ,https://img.youtube.com/vi/dQw4w9WgXcQ/0.jpg
017a39c0-12f0-4217-a0c1-1f644ed1a028,How to Use Moisturizer,moisturizer,"moisturizer,beauty,tutorial",https://www.youtube.com/watch?v=dQw4w9WgXcQ,https://img.youtube.com/vi/dQw4w9WgXcQ/0.jpg
c6eaa940-537d-49a1-9df3-57fe353abbcd,How to Use Cleanser,cleanser,"cleanser,beauty,tutorial",https://www.youtube.com/watch?v=dQw4w9WgXcQ,https://img.youtube.com/vi/dQw4w9WgXcQ/0.jpg
d381de84-95f3-43c3-8a89-f03cc1ef1557,How to Use Cleanser,cleanser,"cleanser,beauty,tutorial",https://www.youtube.com/watch?v=dQw4w9WgXcQ,https://img.youtube.com/vi/dQw4w9WgXcQ/0.jpg
6297ede4-d0e8-45da-ae88-c110abe55453,How to Use Lipstick,lipstick,"lipstick,beauty,tutorial",https://www.youtube.com/watch?v=dQw4w9WgXcQ,https://img.youtube.com/vi/dQw4w9WgXcQ/0.jpg
19fc1fa1-b6b0-4045-8aa6-593b3557d67c,How to Use Lipstick,lipstick,"lipstick,beauty,tutorial",https://www.youtube.com/watch?v=dQw4w9WgXcQ,https://img.youtube.com/vi/dQw4w9WgXcQ/0.jpg
77228ea5-cf67-4606-bf15-75fd9e229809,How to Use Lipstick,lipstick,"lipstick,beauty,tutorial",https://www.youtube.com/watch?v=dQw4w9WgXcQ,https://img.youtube.com/vi/dQw4w9WgXcQ/0.jpg
53e1f255-a4d1-44c1-8bcb-adc536cd03bb,How to Use Lipstick,lipstick,"lipstick,beauty,tutorial",https://www.youtube.com/watch?v=dQw4w9WgXcQ,https://img.youtube.com/vi/dQw4w9WgXcQ/0.jpg
1c527368-ac19-417f-b268-557638eb39d6,How to Use Sunscreen,sunscreen,"sunscreen,beauty,tutorial",https://www.youtube.com/watch?v=dQw4w9WgXcQ,https://img.youtube.com/vi/dQw4w9WgXcQ/0.jpg
c9ec06d8-a575-46d4-ada8-7c0877f65970,How to Use Foundation,foundation,"foundation,beauty,tutorial",https://www.youtube.com/watch?v=dQw4w9WgXcQ,https://img.youtube.com/vi/dQw4w9WgXcQ/0.jpg
e5dac6ea-e2c6-4403-a1d7-999de9911972,How to Use Moisturizer,moisturizer,"moisturizer,beauty,tutorial",https://www.youtube.com/watch?v=dQw4w9WgXcQ,https://img.youtube.com/vi/dQw4w9WgXcQ/0.jpg
e48d8ee2-7c7e-42ea-b166-756a31907b6f,How to Use Lipstick,lipstick,"lipstick,beauty,tutorial",https://www.youtube.com/watch?v=dQw4w9WgXcQ,https://img.youtube.com/vi/dQw4w9WgXcQ/0.jpg
b8b31ce6-bba0-467c-b133-3e374a20e8e2,How to Use Serum,serum,"serum,beauty,tutorial",https://www.youtube.com/watch?v=dQw4w9WgXcQ,https://img.youtube.com/vi/dQw4w9WgXcQ/0.jpg
2cab6e15-5ca1-4af2-bb57-7ffdba9376ff,How to Use Sunscreen,sunscreen,"sunscreen,beauty,tutorial",https://www.youtube.com/watch?v=dQw4w9WgXcQ,https://img.youtube.com/vi/dQw4w9WgXcQ/0.jpg
11cf4261-7ae4-4dab-9dc2-6c7368119aef,How to Use Moisturizer,moisturizer,"moisturizer,beauty,tutorial",https://www.youtube.com/watch?v=dQw4w9WgXcQ,https://img.youtube.com/vi/dQw4w9WgXcQ/0.jpg
27866fe0-1fcb-4b78-a92a-6666aec1b2e5,How to Use Sunscreen,sunscreen,"sunscreen,beauty,tutorial",https://www.youtube.com/watch?v=dQw4w9WgXcQ,https://img.youtube.com/vi/dQw4w9WgXcQ/0.jpg
2f276323-2da5-44e0-a78e-e9afaf42f3f3,How to Use Lipstick,lipstick,"lipstick,beauty,tutorial",https://www.youtube.com/watch?v=dQw4w9WgXcQ,https://img.youtube.com/vi/dQw4w9WgXcQ/0.jpg
c91a51f7-a2f7-49fb-ac68-de3676359167,How to Use Moisturizer,moisturizer,"moisturizer,beauty,tutorial",https://www.youtube.com/watch?v=dQw4w9WgXcQ,https://img.youtube.com/vi/dQw4w9WgXcQ/0.jpg
0623d525-7a68-4e52-8b94-b17836ce3280,How to Use Serum,serum,"serum,beauty,tutorial",https://www.youtube.com/watch?v=dQw4w9WgXcQ,https://img.youtube.com/vi/dQw4w9WgXcQ/0.jpg
55cc5222-9869-4b76-b3f4-52e104ff9f7f,How to Use Moisturizer,moisturizer,"moisturizer,beauty,tutorial",https://www.youtube.com/watch?v=dQw4w9WgXcQ,https://img.youtube.com/vi/dQw4w9WgXcQ/0.jpg
3520a3b4-3438-46de-b0ec-2108135b0d49,How to Use Moisturizer,moisturizer,"moisturizer,beauty,tutorial",https://www.youtube.com/watch?v=dQw4w9WgXcQ,https://img.youtube.com/vi/dQw4w9WgXcQ/0.jpg
50235f83-968d-4f2f-9726-3fdc711a9a8a,How to Use Serum,serum,"serum,beauty,tutorial",https://www.youtube.com/watch?v=dQw4w9WgXcQ,https://img.youtube.com/vi/dQw4w9WgXcQ/0.jpg
bb7aa946-be6a-4048-a772-47ab9aa84499,How to Use Moisturizer,moisturizer,"moisturizer,beauty,tutorial",https://www.youtube.com/watch?v=dQw4w9WgXcQ,https://img.youtube.com/vi/dQw4w9WgXcQ/0.jpg
97d4ccf6-7dc6-4ea2-a148-becd5d5ac474,How to Use Lipstick,lipstick,"lipstick,beauty,tutorial",https://www.youtube.com/watch?v=dQw4w9WgXcQ,https://img.youtube.com/vi/dQw4w9WgXcQ/0.jpg
31511b85-3853-44ba-849c-6faf8d2b4f91,How to Use Serum,serum,"serum,beauty,tutorial",https://www.youtube.com/watch?v=dQw4w9WgXcQ,https://img.youtube.com/vi/dQw4w9WgXcQ/0.jpg
588600d6-5101-4ae3-b770-6992cc44c6de,How to Use Cleanser,cleanser,"cleanser,beauty,tutorial",https://www.youtube.com/watch?v=dQw4w9WgXcQ,https://img.youtube.com/vi/dQw4w9WgXcQ/0.jpg
f96464ae-dbb8-4569-970c-ca9a8233bcac,How to Use Lipstick,lipstick,"lipstick,beauty,tutorial",https://www.youtube.com/watch?v=dQw4w9WgXcQ,https://img.youtube.com/vi/dQw4w9WgXcQ/0.jpg
286d0432-b701-49bd-8f93-89cf33dcf9e3,How to Use Cleanser,cleanser,"cleanser,beauty,tutorial",https://www.youtube.com/watch?v=dQw4w9WgXcQ,https://img.youtube.com/vi/dQw4w9WgXcQ/0.jpg
25c18a46-3a78-4b01-b54c-801516b3c8e2,How to Use Foundation,foundation,"foundation,beauty,tutorial",https://www.youtube.com/watch?v=dQw4w9WgXcQ,https://img.youtube.com/vi/dQw4w9WgXcQ/0.jpg
b0f9d389-6852-448d-a1cf-4782aeeba8fa,How to Use Moisturizer,moisturizer,"moisturizer,beauty,tutorial",https://www.youtube.com/watch?v=dQw4w9WgXcQ,https://img.youtube.com/vi/dQw4w9WgXcQ/0.jpg
b3db1176-d059-48ab-bc8b-0c987c6d4dbe,How to Use Moisturizer,moisturizer,"moisturizer,beauty,tutorial",https://www.youtube.com/watch?v=dQw4w9WgXcQ,https://img.youtube.com/vi/dQw4w9WgXcQ/0.jpg
2884ac60-fd07-4094-aeab-a0a883a5934c,How to Use Sunscreen,sunscreen,"sunscreen,beauty,tutorial",https://www.youtube.com/watch?v=dQw4w9WgXcQ,https://img.youtube.com/vi/dQw4w9WgXcQ/0.jpg
f6f5fe65-f40a-4882-82ce-be280faf8ae6,How to Use Lipstick,lipstick,"lipstick,beauty,tutorial",https://www.youtube.com/watch?v=dQw4w9WgXcQ,https://img.youtube.com/vi/dQw4w9WgXcQ/0.jpg
6816a875-082c-4e45-b042-e0f54e1d3ebe,How to Use Foundation,foundation,"foundation,beauty,tutorial",https://www.youtube.com/watch?v=dQw4w9WgXcQ,https://img.youtube.com/vi/dQw4w9WgXcQ/0.jpg
6afe323e-2ea0-40b2-8771-a5bba2ebb6ba,How to Use Moisturizer,moisturizer,"moisturizer,beauty,tutorial",https://www.youtube.com/watch?v=dQw4w9WgXcQ,https://img.youtube.com/vi/dQw4w9WgXcQ/0.jpg
0afba24e-7446-45ec-9d8e-a498a2bf8b39,How to Use Foundation,foundation,"foundation,beauty,tutorial",https://www.youtube.com/watch?v=dQw4w9WgXcQ,https://img.youtube.com/vi/dQw4w9WgXcQ/0.jpg
f77a1e2e-d338-44dc-9a1d-8ae922c336aa,How to Use Serum,serum,"serum,beauty,tutorial",https://www.youtube.com/watch?v=dQw4w9WgXcQ,https://img.youtube.com/vi/dQw4w9WgXcQ/0.jpg
c26b3db5-37e0-43e6-966c-036fb750ba9c,How to Use Sunscreen,sunscreen,"sunscreen,beauty,tutorial",https://www.youtube.com/watch?v=dQw4w9WgXcQ,https://img.youtube.com/vi/dQw4w9WgXcQ/0.jpg
76caeda5-51f3-4a78-bdac-59d90e020429,How to Use Serum,serum,"serum,beauty,tutorial",https://www.youtube.com/watch?v=dQw4w9WgXcQ,https://img.youtube.com/vi/dQw4w9WgXcQ/0.jpg
b05001de-3ee1-40f5-8b73-1b968d726b4d,How to Use Serum,serum,"serum,beauty,tutorial",https://www.youtube.com/watch?v=dQw4w9WgXcQ,https://img.youtube.com/vi/dQw4w9WgXcQ/0.jpg
d90d03c9-f584-46bf-ba16-b88f64b6f7ef,How to Use Serum,serum,"serum,beauty,tutorial",https://www.youtube.com/watch?v=dQw4w9WgXcQ,https://img.youtube.com/vi/dQw4w9WgXcQ/0.jpg
bb63b0b5-9cb4-41df-b718-579b1bcd813b,How to Use Moisturizer,moisturizer,"moisturizer,beauty,tutorial",https://www.youtube.com/watch?v=dQw4w9WgXcQ,https://img.youtube.com/vi/dQw4w9WgXcQ/0.jpg
3df0c740-8970-41eb-963a-4489d50eb401,How to Use Foundation,foundation,"foundation,beauty,tutorial",https://www.youtube.com/watch?v=dQw4w9WgXcQ,https://img.youtube.com/vi/dQw4w9WgXcQ/0.jpg
43b2a22a-6881-4771-9d4d-f970b4b570f1,How to Use Serum,serum,"serum,beauty,tutorial",https://www.youtube.com/watch?v=dQw4w9WgXcQ,https://img.youtube.com/vi/dQw4w9WgXcQ/0.jpg
9e134052-3060-4eca-8ee9-bd2cab9a2203,How to Use Cleanser,cleanser,"cleanser,beauty,tutorial",https://www.youtube.com/watch?v=dQw4w9WgXcQ,https://img.youtube.com/vi/dQw4w9WgXcQ/0.jpg
10a3b885-fa1e-4680-a82e-4d6bab34d104,How to Use Sunscreen,sunscreen,"sunscreen,beauty,tutorial",https://www.youtube.com/watch?v=dQw4w9WgXcQ,https://img.youtube.com/vi/dQw4w9WgXcQ/0.jpg
36ffb274-b2c1-4a98-91c3-17bf16ee9cd9,How to Use Sunscreen,sunscreen,"sunscreen,beauty,tutorial",https://www.youtube.com/watch?v=dQw4w9WgXcQ,https://img.youtube.com/vi/dQw4w9WgXcQ/0.jpg
aa9e9a91-c0f8-4957-aece-32135c5dc0d5,How to Use Sunscreen,sunscreen,"sunscreen,beauty,tutorial",https://www.youtube.com/watch?v=dQw4w9WgXcQ,https://img.youtube.com/vi/dQw4w9WgXcQ/0.jpg
bab16c1e-1346-451d-a9ec-871e244fc4a9,How to Use Moisturizer,moisturizer,"moisturizer,beauty,tutorial",https://www.youtube.com/watch?v=dQw4w9WgXcQ,https://img.youtube.com/vi/dQw4w9WgXcQ/0.jpg
6059f509-85b8-4c7d-8c48-c3ad4930b8c8,How to Use Lipstick,lipstick,"lipstick,beauty,tutorial",https://www.youtube.com/watch?v=dQw4w9WgXcQ,https://img.youtube.com/vi/dQw4w9WgXcQ/0.jpg
e4029e3f-2646-4d29-b7d7-54064c27cc7a,How to Use Sunscreen,sunscreen,"sunscreen,beauty,tutorial",https://www.youtube.com/watch?v=dQw4w9WgXcQ,https://img.youtube.com/vi/dQw4w9WgXcQ/0.jpg
1862ee57-691d-4f17-b032-0b2207cc622b,How to Use Sunscreen,sunscreen,"sunscreen,beauty,tutorial",https://www.youtube.com/watch?v=dQw4w9WgXcQ,https://img.youtube.com/vi/dQw4w9WgXcQ/0.jpg
96e6fa7d-e1bc-47db-995c-e091ba8ff0fe,How to Use Foundation,foundation,"foundation,beauty,tutorial",https://www.youtube.com/watch?v=dQw4w9WgXcQ,https://img.youtube.com/vi/dQw4w9WgXcQ/0.jpg
f639ca7d-e139-4716-9edc-61576b08d6bf,How to Use Lipstick,lipstick,"lipstick,beauty,tutorial",https://www.youtube.com/watch?v=dQw4w9WgXcQ,https://img.youtube.com/vi/dQw4w9WgXcQ/0.jpg
18857563-4279-47c6-867a-8a8d2099419d,How to Use Moisturizer,moisturizer,"moisturizer,beauty,tutorial",https://www.youtube.com/watch?v=dQw4w9WgXcQ,https://img.youtube.com/vi/dQw4w9WgXcQ/0.jpg
2db42eef-7c5d-4dce-8c6a-17c42df61e78,How to Use Lipstick,lipstick,"lipstick,beauty,tutorial",https://www.youtube.com/watch?v=dQw4w9WgXcQ,https://img.youtube.com/vi/dQw4w9WgXcQ/0.jpg
365434e9-f3b2-4669-8808-66818a018e63,How to Use Serum,serum,"serum,beauty,tutorial",https://www.youtube.com/watch?v=dQw4w9WgXcQ,https://img.youtube.com/vi/dQw4w9WgXcQ/0.jpg
fd789380-ce60-4023-8af4-a387350e281f,How to Use Cleanser,cleanser,"cleanser,beauty,tutorial",https://www.youtube.com/watch?v=dQw4w9WgXcQ,https://img.youtube.com/vi/dQw4w9WgXcQ/0.jpg
50b6c806-730a-42e6-b952-3da8b1da85cf,How to Use Cleanser,cleanser,"cleanser,beauty,tutorial",https://www.youtube.com/watch?v=dQw4w9WgXcQ,https://img.youtube.com/vi/dQw4w9WgXcQ/0.jpg
3f3b6f7d-dc90-47fc-ae4c-e6ce448f67b1,How to Use Foundation,foundation,"foundation,beauty,tutorial",https://www.youtube.com/watch?v=dQw4w9WgXcQ,https://img.youtube.com/vi/dQw4w9WgXcQ/0.jpg
65a4080f-f625-4711-934d-c73c7aadef7c,How to Use Foundation,foundation,"foundation,beauty,tutorial",https://www.youtube.com/watch?v=dQw4w9WgXcQ,https://img.youtube.com/vi/dQw4w9WgXcQ/0.jpg
0bd5806f-8a02-4e91-8e27-aa22dbb08b66,How to Use Serum,serum,"serum,beauty,tutorial",https://www.youtube.com/watch?v=dQw4w9WgXcQ,https://img.youtube.com/vi/dQw4w9WgXcQ/0.jpg
35d66342-c3ef-4993-a8eb-e1d672a8fb5b,How to Use Foundation,foundation,"foundation,beauty,tutorial",https://www.youtube.com/watch?v=dQw4w9WgXcQ,https://img.youtube.com/vi/dQw4w9WgXcQ/0.jpg
dfabceab-affc-4956-9608-70559555a8ef,How to Use Cleanser,cleanser,"cleanser,beauty,tutorial",https://www.youtube.com/watch?v=dQw4w9WgXcQ,https://img.youtube.com/vi/dQw4w9WgXcQ/0.jpg
41005e0a-8df1-4834-bc98-b449345ab650,How to Use Moisturizer,moisturizer,"moisturizer,beauty,tutorial",https://www.youtube.com/watch?v=dQw4w9WgXcQ,https://img.youtube.com/vi/dQw4w9WgXcQ/0.jpg
9989f9bb-ceda-4a5d-86d3-dee6637c79a4,How to Use Foundation,foundation,"foundation,beauty,tutorial",https://www.youtube.com/watch?v=dQw4w9WgXcQ,https://img.youtube.com/vi/dQw4w9WgXcQ/0.jpg
69b5e316-e304-4c8c-971b-cbbd0feb4822,How to Use Serum,serum,"serum,beauty,tutorial",https://www.youtube.com/watch?v=dQw4w9WgXcQ,https://img.youtube.com/vi/dQw4w9WgXcQ/0.jpg
9010f515-f900-4135-9050-051a9235e80e,How to Use Serum,serum,"serum,beauty,tutorial",https://www.youtube.com/watch?v=dQw4w9WgXcQ,https://img.youtube.com/vi/dQw4w9WgXcQ/0.jpg
2fe1c997-61bb-4a1d-b37f-f1b6398e069e,How to Use Moisturizer,moisturizer,"moisturizer,beauty,tutorial",https://www.youtube.com/watch?v=dQw4w9WgXcQ,https://img.youtube.com/vi/dQw4w9WgXcQ/0.jpg
6b5bc121-047f-4c6a-8100-1a2f6a6a05df,How to Use Moisturizer,moisturizer,"moisturizer,beauty,tutorial",https://www.youtube.com/watch?v=dQw4w9WgXcQ,https://img.youtube.com/vi/dQw4w9WgXcQ/0.jpg
e1369d17-4b50-49fe-a43f-3194d9cc9309,How to Use Moisturizer,moisturizer,"moisturizer,beauty,tutorial",https://www.youtube.com/watch?v=dQw4w9WgXcQ,https://img.youtube.com/vi/dQw4w9WgXcQ/0.jpg
863ba987-185f-4e62-a16b-685d082ca6f4,How to Use Lipstick,lipstick,"lipstick,beauty,tutorial",https://www.youtube.com/watch?v=dQw4w9WgXcQ,https://img.youtube.com/vi/dQw4w9WgXcQ/0.jpg
8128413a-f8c5-4929-a71c-4956cb9a90f6,How to Use Sunscreen,sunscreen,"sunscreen,beauty,tutorial",https://www.youtube.com/watch?v=dQw4w9WgXcQ,https://img.youtube.com/vi/dQw4w9WgXcQ/0.jpg
fbf9ddd0-9b5b-4aca-8959-9dcfb7244271,How to Use Serum,serum,"serum,beauty,tutorial",https://www.youtube.com/watch?v=dQw4w9WgXcQ,https://img.youtube.com/vi/dQw4w9WgXcQ/0.jpg
5b333830-27d7-4ea9-8efa-417324e1503f,How to Use Lipstick,lipstick,"lipstick,beauty,tutorial",https://www.youtube.com/watch?v=dQw4w9WgXcQ,https://img.youtube.com/vi/dQw4w9WgXcQ/0.jpg
0ca18401-7069-4ae9-aa2f-9c2eb8d47e89,How to Use Serum,serum,"serum,beauty,tutorial",https://www.youtube.com/watch?v=dQw4w9WgXcQ,https://img.youtube.com/vi/dQw4w9WgXcQ/0.jpg
56072776-a338-49a2-9040-e2e388e58be5,How to Use Lipstick,lipstick,"lipstick,beauty,tutorial",https://www.youtube.com/watch?v=dQw4w9WgXcQ,https://img.youtube.com/vi/dQw4w9WgXcQ/0.jpg
2430accd-4e7f-4205-aa8a-edaf95e3a058,How to Use Foundation,foundation,"foundation,beauty,tutorial",https://www.youtube.com/watch?v=dQw4w9WgXcQ,https://img.youtube.com/vi/dQw4w9WgXcQ/0.jpg
e6def506-680b-4d19-a08a-f6a138300ff1,How to Use Lipstick,lipstick,"lipstick,beauty,tutorial",https://www.youtube.com/watch?v=dQw4w9WgXcQ,https://img.youtube.com/vi/dQw4w9WgXcQ/0.jpg
5b1b0e6d-aa99-4e93-b042-cb71f48295b5,How to Use Sunscreen,sunscreen,"sunscreen,beauty,tutorial",https://www.youtube.com/watch?v=dQw4w9WgXcQ,https://img.youtube.com/vi/dQw4w9WgXcQ/0.jpg
97190d54-de07-430e-8c86-29c1e9ca9541,How to Use Serum,serum,"serum,beauty,tutorial",https://www.youtube.com/watch?v=dQw4w9WgXcQ,https://img.youtube.com/vi/dQw4w9WgXcQ/0.jpg
4d4b23af-8547-4048-84fd-a6904dbc0e7f,How to Use Foundation,foundation,"foundation,beauty,tutorial",https://www.youtube.com/watch?v=dQw4w9WgXcQ,https://img.youtube.com/vi/dQw4w9WgXcQ/0.jpg
a358da59-89c8-4eea-bd54-2e1ef6ba302a,How to Use Foundation,foundation,"foundation,beauty,tutorial",https://www.youtube.com/watch?v=dQw4w9WgXcQ,https://img.youtube.com/vi/dQw4w9WgXcQ/0.jpg
ca4a1813-fe02-4fe3-bf70-557480af8ea1,How to Use Sunscreen,sunscreen,"sunscreen,beauty,tutorial",https://www.youtube.com/watch?v=dQw4w9WgXcQ,https://img.youtube.com/vi/dQw4w9WgXcQ/0.jpg
c786bb1e-a7c7-4e16-ad9c-5beb64856f8f,How to Use Lipstick,lipstick,"lipstick,beauty,tutorial",https://www.youtube.com/watch?v=dQw4w9WgXcQ,https://img.youtube.com/vi/dQw4w9WgXcQ/0.jpg
5762aece-68bd-4e43-a359-6e90d94cd838,How to Use Cleanser,cleanser,"cleanser,beauty,tutorial",https://www.youtube.com/watch?v=dQw4w9WgXcQ,https://img.youtube.com/vi/dQw4w9WgXcQ/0.jpg
b6926a0e-8297-4421-bbb5-36ef3ca99b04,How to Use Cleanser,cleanser,"cleanser,beauty,tutorial",https://www.youtube.com/watch?v=dQw4w9WgXcQ,https://img.youtube.com/vi/dQw4w9WgXcQ/0.jpg
cc14f26a-1b63-4cfc-befc-ae158b3cc332,How to Use Lipstick,lipstick,"lipstick,beauty,tutorial",https://www.youtube.com/watch?v=dQw4w9WgXcQ,https://img.youtube.com/vi/dQw4w9WgXcQ/0.jpg
7c066986-29e1-4055-8f96-2afbf902a438,How to Use Foundation,foundation,"foundation,beauty,tutorial",https://www.youtube.com/watch?v=dQw4w9WgXcQ,https://img.youtube.com/vi/dQw4w9WgXcQ/0.jpg
f2a5a2d4-5f02-48f1-8f3b-f6c3739d08af,How to Use Moisturizer,moisturizer,"moisturizer,beauty,tutorial",https://www.youtube.com/watch?v=dQw4w9WgXcQ,https://img.youtube.com/vi/dQw4w9WgXcQ/0.jpg
a99316f4-5cfe-48e7-af32-16e6873741d1,How to Use Serum,serum,"serum,beauty,tutorial",https://www.youtube.com/watch?v=dQw4w9WgXcQ,https://img.youtube.com/vi/dQw4w9WgXcQ/0.jpg
5fedc4ba-3db1-463b-be49-f9464d2d83c6,How to Use Foundation,foundation,"foundation,beauty,tutorial",https://www.youtube.com/watch?v=dQw4w9WgXcQ,https://img.youtube.com/vi/dQw4w9WgXcQ/0.jpg
d9a9b473-b2a6-4a9f-9e9c-3b8272e1aea1,How to Use Foundation,foundation,"foundation,beauty,tutorial",https://www.youtube.com/watch?v=dQw4w9WgXcQ,https://img.youtube.com/vi/dQw4w9WgXcQ/0.jpg
f96b138a-d625-4c93-9916-a89e132d197f,How to Use Lipstick,lipstick,"lipstick,beauty,tutorial",https://www.youtube.com/watch?v=dQw4w9WgXcQ,https://img.youtube.com/vi/dQw4w9WgXcQ/0.jpg
b6f8fee9-fb76-4167-8622-deb72fdcd5a7,How to Use Lipstick,lipstick,"lipstick,beauty,tutorial",https://www.youtube.com/watch?v=dQw4w9WgXcQ,https://img.youtube.com/vi/dQw4w9WgXcQ/0.jpg
b4053c4d-de53-4042-bec9-df17d011d871,How to Use Cleanser,cleanser,"cleanser,beauty,tutorial",https://www.youtube.com/watch?v=dQw4w9WgXcQ,https://img.youtube.com/vi/dQw4w9WgXcQ/0.jpg
2ec70e7e-1d0c-4ed9-a7be-1952f1524767,How to Use Moisturizer,moisturizer,"moisturizer,beauty,tutorial",https://www.youtube.com/watch?v=dQw4w9WgXcQ,https://img.youtube.com/vi/dQw4w9WgXcQ/0.jpg
559a2e8e-9098-4c36-a8c7-a1994995b16a,How to Use Sunscreen,sunscreen,"sunscreen,beauty,tutorial",https://www.youtube.com/watch?v=dQw4w9WgXcQ,https://img.youtube.com/vi/dQw4w9WgXcQ/0.jpg
978092b8-a137-47f8-82ee-b3afa35f8153,How to Use Lipstick,lipstick,"lipstick,beauty,tutorial",https://www.youtube.com/watch?v=dQw4w9WgXcQ,https://img.youtube.com/vi/dQw4w9WgXcQ/0.jpg
5ae74ccf-a009-4863-b905-58ebeb9547af,How to Use Lipstick,lipstick,"lipstick,beauty,tutorial",https://www.youtube.com/watch?v=dQw4w9WgXcQ,https://img.youtube.com/vi/dQw4w9WgXcQ/0.jpg
6a90cbc1-550b-4930-a2b0-121cd840695a,How to Use Cleanser,cleanser,"cleanser,beauty,tutorial",https://www.youtube.com/watch?v=dQw4w9WgXcQ,https://img.youtube.com/vi/dQw4w9WgXcQ/0.jpg
b645daff-90e3-4d13-825d-894ce63db25c,How to Use Foundation,foundation,"foundation,beauty,tutorial",https://www.youtube.com/watch?v=dQw4w9WgXcQ,https://img.youtube.com/vi/dQw4w9WgXcQ/0.jpg
29c7fa59-9421-40c2-8791-5200accdb87c,How to Use Moisturizer,moisturizer,"moisturizer,beauty,tutorial",https://www.youtube.com/watch?v=dQw4w9WgXcQ,https://img.youtube.com/vi/dQw4w9WgXcQ/0.jpg
71955bfc-4a4d-4a35-9736-6ede597d58db,How to Use Lipstick,lipstick,"lipstick,beauty,tutorial",https://www.youtube.com/watch?v=dQw4w9WgXcQ,https://img.youtube.com/vi/dQw4w9WgXcQ/0.jpg
5a0f54f8-9b3f-475b-b77b-0098b0aae462,How to Use Serum,serum,"serum,beauty,tutorial",https://www.youtube.com/watch?v=dQw4w9WgXcQ,https://img.youtube.com/vi/dQw4w9WgXcQ/0.jpg
ab4a5138-acfc-4708-9485-1db705b3a462,How to Use Moisturizer,moisturizer,"moisturizer,beauty,tutorial",https://www.youtube.com/watch?v=dQw4w9WgXcQ,https://img.youtube.com/vi/dQw4w9WgXcQ/0.jpg
7f91021c-43d0-40fc-a98e-2a2f44ff4e4b,How to Use Serum,serum,"serum,beauty,tutorial",https://www.youtube.com/watch?v=dQw4w9WgXcQ,https://img.youtube.com/vi/dQw4w9WgXcQ/0.jpg
e3299e4f-9dfd-40c1-9823-0f5ef6e18d0c,How to Use Lipstick,lipstick,"lipstick,beauty,tutorial",https://www.youtube.com/watch?v=dQw4w9WgXcQ,https://img.youtube.com/vi/dQw4w9WgXcQ/0.jpg
005c5f6d-cc21-4b55-843d-05c598f3de00,How to Use Serum,serum,"serum,beauty,tutorial",https://www.youtube.com/watch?v=dQw4w9WgXcQ,https://img.youtube.com/vi/dQw4w9WgXcQ/0.jpg
f590ae7a-4eeb-4191-acd5-8a4c7b839141,How to Use Lipstick,lipstick,"lipstick,beauty,tutorial",https://www.youtube.com/watch?v=dQw4w9WgXcQ,https://img.youtube.com/vi/dQw4w9WgXcQ/0.jpg
87cf0cd1-a600-49c7-8be8-066789c76911,How to Use Cleanser,cleanser,"cleanser,beauty,tutorial",https://www.youtube.com/watch?v=dQw4w9WgXcQ,https://img.youtube.com/vi/dQw4w9WgXcQ/0.jpg
de917c15-9a4b-4cc8-b847-f871036f8cc5,How to Use Foundation,foundation,"foundation,beauty,tutorial",https://www.youtube.com/watch?v=dQw4w9WgXcQ,https://img.youtube.com/vi/dQw4w9WgXcQ/0.jpg
b4cb9d71-ed6a-4ffa-92f7-0f5bed71e67f,How to Use Foundation,foundation,"foundation,beauty,tutorial",https://www.youtube.com/watch?v=dQw4w9WgXcQ,https://img.youtube.com/vi/dQw4w9WgXcQ/0.jpg
5df097f3-f3d2-4f4f-a350-89ce820a62fd,How to Use Lipstick,lipstick,"lipstick,beauty,tutorial",https://www.youtube.com/watch?v=dQw4w9WgXcQ,https://img.youtube.com/vi/dQw4w9WgXcQ/0.jpg
52886bf2-9607-43a8-baa9-2085e57ee2f0,How to Use Sunscreen,sunscreen,"sunscreen,beauty,tutorial",https://www.youtube.com/watch?v=dQw4w9WgXcQ,https://img.youtube.com/vi/dQw4w9WgXcQ/0.jpg
42d40fad-9c75-480c-8775-ac5ec54718ba,How to Use Serum,serum,"serum,beauty,tutorial",https://www.youtube.com/watch?v=dQw4w9WgXcQ,https://img.youtube.com/vi/dQw4w9WgXcQ/0.jpg
b59022b7-134a-4df5-97b0-ec5515b438c2,How to Use Sunscreen,sunscreen,"sunscreen,beauty,tutorial",https://www.youtube.com/watch?v=dQw4w9WgXcQ,https://img.youtube.com/vi/dQw4w9WgXcQ/0.jpg
12f31dbc-854f-405e-95a1-926de65aa7b7,How to Use Cleanser,cleanser,"cleanser,beauty,tutorial",https://www.youtube.com/watch?v=dQw4w9WgXcQ,https://img.youtube.com/vi/dQw4w9WgXcQ/0.jpg
0ffe53ee-12d6-407e-8676-b39fb7279fad,How to Use Lipstick,lipstick,"lipstick,beauty,tutorial",https://www.youtube.com/watch?v=dQw4w9WgXcQ,https://img.youtube.com/vi/dQw4w9WgXcQ/0.jpg
cf84d827-a5e5-4c4b-99a7-2948fde3ef0c,How to Use Sunscreen,sunscreen,"sunscreen,beauty,tutorial",https://www.youtube.com/watch?v=dQw4w9WgXcQ,https://img.youtube.com/vi/dQw4w9WgXcQ/0.jpg
373d6c13-2089-43a3-bad7-468e57a7315e,How to Use Lipstick,lipstick,"lipstick,beauty,tutorial",https://www.youtube.com/watch?v=dQw4w9WgXcQ,https://img.youtube.com/vi/dQw4w9WgXcQ/0.jpg
38089515-810e-4ef3-be36-2b932b762a3d,How to Use Foundation,foundation,"foundation,beauty,tutorial",https://www.youtube.com/watch?v=dQw4w9WgXcQ,https://img.youtube.com/vi/dQw4w9WgXcQ/0.jpg
e6d0de84-cd2e-49d4-928d-7f0a2aaa4c0d,How to Use Serum,serum,"serum,beauty,tutorial",https://www.youtube.com/watch?v=dQw4w9WgXcQ,https://img.youtube.com/vi/dQw4w9WgXcQ/0.jpg
533e7e27-bd7c-4685-8368-142c49fe67b9,How to Use Moisturizer,moisturizer,"moisturizer,beauty,tutorial",https://www.youtube.com/watch?v=dQw4w9WgXcQ,https://img.youtube.com/vi/dQw4w9WgXcQ/0.jpg
0b39a08a-346b-4336-8fd5-3772825a6621,How to Use Sunscreen,sunscreen,"sunscreen,beauty,tutorial",https://www.youtube.com/watch?v=dQw4w9WgXcQ,https://img.youtube.com/vi/dQw4w9WgXcQ/0.jpg
6bfc4584-ced1-4af1-916d-1cccc4ec4a63,How to Use Serum,serum,"serum,beauty,tutorial",https://www.youtube.com/watch?v=dQw4w9WgXcQ,https://img.youtube.com/vi/dQw4w9WgXcQ/0.jpg
4bdb69c0-3b76-4134-acd9-7a240bc1fc7a,How to Use Foundation,foundation,"foundation,beauty,tutorial",https://www.youtube.com/watch?v=dQw4w9WgXcQ,https://img.youtube.com/vi/dQw4w9WgXcQ/0.jpg
fe25698c-eb80-4a0d-9410-bbcbbbfb50f5,How to Use Serum,serum,"serum,beauty,tutorial",https://www.youtube.com/watch?v=dQw4w9WgXcQ,https://img.youtube.com/vi/dQw4w9WgXcQ/0.jpg
d4111e42-4342-4156-a6c5-74c4ecb8baa7,How to Use Serum,serum,"serum,beauty,tutorial",https://www.youtube.com/watch?v=dQw4w9WgXcQ,https://img.youtube.com/vi/dQw4w9WgXcQ/0.jpg
48b24a22-fa6b-4994-a0f4-9f928fdca95d,How to Use Moisturizer,moisturizer,"moisturizer,beauty,tutorial",https://www.youtube.com/watch?v=dQw4w9WgXcQ,https://img.youtube.com/vi/dQw4w9WgXcQ/0.jpg
34e1e3e0-87f9-4a45-b27f-72626b320aa1,How to Use Foundation,foundation,"foundation,beauty,tutorial",https://www.youtube.com/watch?v=dQw4w9WgXcQ,https://img.youtube.com/vi/dQw4w9WgXcQ/0.jpg
64a6c3b4-c009-4572-a81e-efcbce699642,How to Use Sunscreen,sunscreen,"sunscreen,beauty,tutorial",https://www.youtube.com/watch?v=dQw4w9WgXcQ,https://img.youtube.com/vi/dQw4w9WgXcQ/0.jpg
3e7f13e5-4fdf-4538-a795-a2696fa569dc,How to Use Lipstick,lipstick,"lipstick,beauty,tutorial",https://www.youtube.com/watch?v=dQw4w9WgXcQ,https://img.youtube.com/vi/dQw4w9WgXcQ/0.jpg
3543268d-9aaa-44ce-8c77-251d4081ec14,How to Use Moisturizer,moisturizer,"moisturizer,beauty,tutorial",https://www.youtube.com/watch?v=dQw4w9WgXcQ,https://img.youtube.com/vi/dQw4w9WgXcQ/0.jpg
7c9f9742-c217-4995-adaf-c906d7c8733e,How to Use Moisturizer,moisturizer,"moisturizer,beauty,tutorial",https://www.youtube.com/watch?v=dQw4w9WgXcQ,https://img.youtube.com/vi/dQw4w9WgXcQ/0.jpg
1f45767f-e118-4707-8edc-386c50b77d34,How to Use Serum,serum,"serum,beauty,tutorial",https://www.youtube.com/watch?v=dQw4w9WgXcQ,https://img.youtube.com/vi/dQw4w9WgXcQ/0.jpg
27993996-1a0b-4f63-879d-fc6972eec057,How to Use Foundation,foundation,"foundation,beauty,tutorial",https://www.youtube.com/watch?v=dQw4w9WgXcQ,https://img.youtube.com/vi/dQw4w9WgXcQ/0.jpg
8a2ed0b3-ed84-4853-8f22-d2158512db56,How to Use Sunscreen,sunscreen,"sunscreen,beauty,tutorial",https://www.youtube.com/watch?v=dQw4w9WgXcQ,https://img.youtube.com/vi/dQw4w9WgXcQ/0.jpg
0ccc5438-577a-4811-8835-2c735acd2fe5,How to Use Cleanser,cleanser,"cleanser,beauty,tutorial",https://www.youtube.com/watch?v=dQw4w9WgXcQ,https://img.youtube.com/vi/dQw4w9WgXcQ/0.jpg
779bbd8c-5740-44e0-9a5c-236f2c108a0c,How to Use Cleanser,cleanser,"cleanser,beauty,tutorial",https://www.youtube.com/watch?v=dQw4w9WgXcQ,https://img.youtube.com/vi/dQw4w9WgXcQ/0.jpg
74396394-acb0-4b2a-8090-a5e7c7333de1,How to Use Sunscreen,sunscreen,"sunscreen,beauty,tutorial",https://www.youtube.com/watch?v=dQw4w9WgXcQ,https://img.youtube.com/vi/dQw4w9WgXcQ/0.jpg
373d7705-2ca2-494e-99f5-64c28dee3280,How to Use Lipstick,lipstick,"lipstick,beauty,tutorial",https://www.youtube.com/watch?v=dQw4w9WgXcQ,https://img.youtube.com/vi/dQw4w9WgXcQ/0.jpg
18165d61-72ab-4e87-9212-2fc580641595,How to Use Foundation,foundation,"foundation,beauty,tutorial",https://www.youtube.com/watch?v=dQw4w9WgXcQ,https://img.youtube.com/vi/dQw4w9WgXcQ/0.jpg
2cc560f3-52b1-4250-ba5e-2bae63f6edab,How to Use Sunscreen,sunscreen,"sunscreen,beauty,tutorial",https://www.youtube.com/watch?v=dQw4w9WgXcQ,https://img.youtube.com/vi/dQw4w9WgXcQ/0.jpg
4fb473fe-61b8-4d05-b8a8-e46ac0417dcd,How to Use Foundation,foundation,"foundation,beauty,tutorial",https://www.youtube.com/watch?v=dQw4w9WgXcQ,https://img.youtube.com/vi/dQw4w9WgXcQ/0.jpg
70c854b0-4c2a-4230-a31d-4ec1b41005a9,How to Use Serum,serum,"serum,beauty,tutorial",https://www.youtube.com/watch?v=dQw4w9WgXcQ,https://img.youtube.com/vi/dQw4w9WgXcQ/0.jpg
6dde7b24-54df-4d52-a068-68d8eade1e1d,How to Use Sunscreen,sunscreen,"sunscreen,beauty,tutorial",https://www.youtube.com/watch?v=dQw4w9WgXcQ,https://img.youtube.com/vi/dQw4w9WgXcQ/0.jpg
9fe837a5-3c55-4b8b-9784-a6d69fcb3449,How to Use Sunscreen,sunscreen,"sunscreen,beauty,tutorial",https://www.youtube.com/watch?v=dQw4w9WgXcQ,https://img.youtube.com/vi/dQw4w9WgXcQ/0.jpg
0568ff9b-8ae7-4dbe-9bcd-b2a46856f02e,How to Use Cleanser,cleanser,"cleanser,beauty,tutorial",https://www.youtube.com/watch?v=dQw4w9WgXcQ,https://img.youtube.com/vi/dQw4w9WgXcQ/0.jpg
49748e0e-521c-4d7a-a0de-6055caf6fa68,How to Use Cleanser,cleanser,"cleanser,beauty,tutorial",https://www.youtube.com/watch?v=dQw4w9WgXcQ,https://img.youtube.com/vi/dQw4w9WgXcQ/0.jpg
1dc3a337-8806-4e04-a1e2-141756156fc7,How to Use Serum,serum,"serum,beauty,tutorial",https://www.youtube.com/watch?v=dQw4w9WgXcQ,https://img.youtube.com/vi/dQw4w9WgXcQ/0.jpg
015c883b-8158-4247-bb21-3f39b8578f28,How to Use Serum,serum,"serum,beauty,tutorial",https://www.youtube.com/watch?v=dQw4w9WgXcQ,https://img.youtube.com/vi/dQw4w9WgXcQ/0.jpg
294cb06a-864b-4b4a-a378-014252b441c6,How to Use Cleanser,cleanser,"cleanser,beauty,tutorial",https://www.youtube.com/watch?v=dQw4w9WgXcQ,https://img.youtube.com/vi/dQw4w9WgXcQ/0.jpg
fee5ef9d-428a-4166-a55b-8715f2c1b4c5,How to Use Lipstick,lipstick,"lipstick,beauty,tutorial",https://www.youtube.com/watch?v=dQw4w9WgXcQ,https://img.youtube.com/vi/dQw4w9WgXcQ/0.jpg
56ba7075-ea5a-41a8-b4f2-15a36ee2443a,How to Use Moisturizer,moisturizer,"moisturizer,beauty,tutorial",https://www.youtube.com/watch?v=dQw4w9WgXcQ,https://img.youtube.com/vi/dQw4w9WgXcQ/0.jpg
d81bdf1a-7a29-4796-9581-14283f64e2bd,How to Use Sunscreen,sunscreen,"sunscreen,beauty,tutorial",https://www.youtube.com/watch?v=dQw4w9WgXcQ,https://img.youtube.com/vi/dQw4w9WgXcQ/0.jpg
34c0a612-616e-4795-826c-a3d202284444,How to Use Lipstick,lipstick,"lipstick,beauty,tutorial",https://www.youtube.com/watch?v=dQw4w9WgXcQ,https://img.youtube.com/vi/dQw4w9WgXcQ/0.jpg
843e6fda-2adb-443e-9e04-d3d09908105a,How to Use Sunscreen,sunscreen,"sunscreen,beauty,tutorial",https://www.youtube.com/watch?v=dQw4w9WgXcQ,https://img.youtube.com/vi/dQw4w9WgXcQ/0.jpg
6a32dbcd-08fd-45a9-9705-61d127fbb4fb,How to Use Foundation,foundation,"foundation,beauty,tutorial",https://www.youtube.com/watch?v=dQw4w9WgXcQ,https://img.youtube.com/vi/dQw4w9WgXcQ/0.jpg
8ff091e8-ef3b-4af1-a04a-d03484efb18c,How to Use Moisturizer,moisturizer,"moisturizer,beauty,tutorial",https://www.youtube.com/watch?v=dQw4w9WgXcQ,https://img.youtube.com/vi/dQw4w9WgXcQ/0.jpg
bce9eead-07e9-4b7f-9733-81cd1e0fa399,How to Use Lipstick,lipstick,"lipstick,beauty,tutorial",https://www.youtube.com/watch?v=dQw4w9WgXcQ,https://img.youtube.com/vi/dQw4w9WgXcQ/0.jpg
abee0eac-d56e-43e1-ae6b-b63e133623a6,How to Use Moisturizer,moisturizer,"moisturizer,beauty,tutorial",https://www.youtube.com/watch?v=dQw4w9WgXcQ,https://img.youtube.com/vi/dQw4w9WgXcQ/0.jpg
5aee806b-ad0d-4532-bb18-4e5c5d630008,How to Use Cleanser,cleanser,"cleanser,beauty,tutorial",https://www.youtube.com/watch?v=dQw4w9WgXcQ,https://img.youtube.com/vi/dQw4w9WgXcQ/0.jpg
89e8bd66-d615-4251-a60a-5ce37a09b849,How to Use Serum,serum,"serum,beauty,tutorial",https://www.youtube.com/watch?v=dQw4w9WgXcQ,https://img.youtube.com/vi/dQw4w9WgXcQ/0.jpg
bf2d846d-196d-41ed-89cc-c5ef9210cd15,How to Use Sunscreen,sunscreen,"sunscreen,beauty,tutorial",https://www.youtube.com/watch?v=dQw4w9WgXcQ,https://img.youtube.com/vi/dQw4w9WgXcQ/0.jpg
59a311dd-b7ea-461e-ae69-800fb6a28f8b,How to Use Serum,serum,"serum,beauty,tutorial",https://www.youtube.com/watch?v=dQw4w9WgXcQ,https://img.youtube.com/vi/dQw4w9WgXcQ/0.jpg
d8bf5338-9cd1-4d03-84c4-bdd80e87b827,How to Use Cleanser,cleanser,"cleanser,beauty,tutorial",https://www.youtube.com/watch?v=dQw4w9WgXcQ,https://img.youtube.com/vi/dQw4w9WgXcQ/0.jpg
d0faad23-f38d-4160-a453-14f0b31c24c9,How to Use Moisturizer,moisturizer,"moisturizer,beauty,tutorial",https://www.youtube.com/watch?v=dQw4w9WgXcQ,https://img.youtube.com/vi/dQw4w9WgXcQ/0.jpg
7675c5fb-67f2-4552-ae7c-1a0eeb30b920,How to Use Cleanser,cleanser,"cleanser,beauty,tutorial",https://www.youtube.com/watch?v=dQw4w9WgXcQ,https://img.youtube.com/vi/dQw4w9WgXcQ/0.jpg
5d76c6cd-df59-4caf-adec-eca6d01ac292,How to Use Serum,serum,"serum,beauty,tutorial",https://www.youtube.com/watch?v=dQw4w9WgXcQ,https://img.youtube.com/vi/dQw4w9WgXcQ/0.jpg
19b21b6c-3ac4-46d2-813d-89ef257be6c3,How to Use Sunscreen,sunscreen,"sunscreen,beauty,tutorial",https://www.youtube.com/watch?v=dQw4w9WgXcQ,https://img.youtube.com/vi/dQw4w9WgXcQ/0.jpg
bfd0e950-a19d-4d25-965c-f9552e8c0e82,How to Use Serum,serum,"serum,beauty,tutorial",https://www.youtube.com/watch?v=dQw4w9WgXcQ,https://img.youtube.com/vi/dQw4w9WgXcQ/0.jpg
076996aa-9c79-4b83-be96-67b3f21aa781,How to Use Sunscreen,sunscreen,"sunscreen,beauty,tutorial",https://www.youtube.com/watch?v=dQw4w9WgXcQ,https://img.youtube.com/vi/dQw4w9WgXcQ/0.jpg
1a2c89ff-6e01-42d6-b53a-350d1fdf13a5,How to Use Moisturizer,moisturizer,"moisturizer,beauty,tutorial",https://www.youtube.com/watch?v=dQw4w9WgXcQ,https://img.youtube.com/vi/dQw4w9WgXcQ/0.jpg
71094f8f-8abb-4d78-a12d-9f498d46de93,How to Use Moisturizer,moisturizer,"moisturizer,beauty,tutorial",https://www.youtube.com/watch?v=dQw4w9WgXcQ,https://img.youtube.com/vi/dQw4w9WgXcQ/0.jpg
98be5308-1305-4835-ac98-c210b0faa419,How to Use Cleanser,cleanser,"cleanser,beauty,tutorial",https://www.youtube.com/watch?v=dQw4w9WgXcQ,https://img.youtube.com/vi/dQw4w9WgXcQ/0.jpg
793f27df-b8d1-4817-9c4e-4be60397033f,How to Use Moisturizer,moisturizer,"moisturizer,beauty,tutorial",https://www.youtube.com/watch?v=dQw4w9WgXcQ,https://img.youtube.com/vi/dQw4w9WgXcQ/0.jpg
a7f540b8-8caa-4f66-9579-8e37a6e45216,How to Use Lipstick,lipstick,"lipstick,beauty,tutorial",https://www.youtube.com/watch?v=dQw4w9WgXcQ,https://img.youtube.com/vi/dQw4w9WgXcQ/0.jpg
dc5282cc-cc9c-417c-ade3-71970e97d5c2,How to Use Foundation,foundation,"foundation,beauty,tutorial",https://www.youtube.com/watch?v=dQw4w9WgXcQ,https://img.youtube.com/vi/dQw4w9WgXcQ/0.jpg
c18a0b60-113c-414c-a6da-e9d9d567f207,How to Use Serum,serum,"serum,beauty,tutorial",https://www.youtube.com/watch?v=dQw4w9WgXcQ,https://img.youtube.com/vi/dQw4w9WgXcQ/0.jpg
b9ab934a-8349-40f6-965f-2c33c9bbf37f,How to Use Moisturizer,moisturizer,"moisturizer,beauty,tutorial",https://www.youtube.com/watch?v=dQw4w9WgXcQ,https://img.youtube.com/vi/dQw4w9WgXcQ/0.jpg
42fece71-a8db-4b4c-9171-72a804e81b79,How to Use Foundation,foundation,"foundation,beauty,tutorial",https://www.youtube.com/watch?v=dQw4w9WgXcQ,https://img.youtube.com/vi/dQw4w9WgXcQ/0.jpg
53f3bc3a-80c1-4199-b9c3-085b21d00716,How to Use Serum,serum,"serum,beauty,tutorial",https://www.youtube.com/watch?v=dQw4w9WgXcQ,https://img.youtube.com/vi/dQw4w9WgXcQ/0.jpg
ea51edca-d351-4c69-831d-109825975ac9,How to Use Lipstick,lipstick,"lipstick,beauty,tutorial",https://www.youtube.com/watch?v=dQw4w9WgXcQ,https://img.youtube.com/vi/dQw4w9WgXcQ/0.jpg
83fc859f-2bec-49aa-b205-79a0734210bf,How to Use Moisturizer,moisturizer,"moisturizer,beauty,tutorial",https://www.youtube.com/watch?v=dQw4w9WgXcQ,https://img.youtube.com/vi/dQw4w9WgXcQ/0.jpg
97a10f61-b241-4c36-9cb9-8e57d4956c71,How to Use Cleanser,cleanser,"cleanser,beauty,tutorial",https://www.youtube.com/watch?v=dQw4w9WgXcQ,https://img.youtube.com/vi/dQw4w9WgXcQ/0.jpg
08864934-d633-4411-a087-6dc34f7fc34a,How to Use Lipstick,lipstick,"lipstick,beauty,tutorial",https://www.youtube.com/watch?v=dQw4w9WgXcQ,https://img.youtube.com/vi/dQw4w9WgXcQ/0.jpg
bc3a1a98-23e0-4bf0-a75f-73bd0621b8fb,How to Use Sunscreen,sunscreen,"sunscreen,beauty,tutorial",https://www.youtube.com/watch?v=dQw4w9WgXcQ,https://img.youtube.com/vi/dQw4w9WgXcQ/0.jpg
64819000-60be-405a-81ed-6d10d8734d12,How to Use Lipstick,lipstick,"lipstick,beauty,tutorial",https://www.youtube.com/watch?v=dQw4w9WgXcQ,https://img.youtube.com/vi/dQw4w9WgXcQ/0.jpg
99f45beb-4962-4094-b736-dc88ab69a766,How to Use Sunscreen,sunscreen,"sunscreen,beauty,tutorial",https://www.youtube.com/watch?v=dQw4w9WgXcQ,https://img.youtube.com/vi/dQw4w9WgXcQ/0.jpg
4cbcc72d-665f-4dd8-bc45-9406d03e02ea,How to Use Serum,serum,"serum,beauty,tutorial",https://www.youtube.com/watch?v=dQw4w9WgXcQ,https://img.youtube.com/vi/dQw4w9WgXcQ/0.jpg
4c8ce065-235a-4e31-870d-3594ddfb2b21,How to Use Serum,serum,"serum,beauty,tutorial",https://www.youtube.com/watch?v=dQw4w9WgXcQ,https://img.youtube.com/vi/dQw4w9WgXcQ/0.jpg
b8328d55-0b9b-425c-bb05-0aea054d8fdf,How to Use Lipstick,lipstick,"lipstick,beauty,tutorial",https://www.youtube.com/watch?v=dQw4w9WgXcQ,https://img.youtube.com/vi/dQw4w9WgXcQ/0.jpg
043df521-230b-41e5-ac53-0ad115b67b53,How to Use Moisturizer,moisturizer,"moisturizer,beauty,tutorial",https://www.youtube.com/watch?v=dQw4w9WgXcQ,https://img.youtube.com/vi/dQw4w9WgXcQ/0.jpg
f6c2cab9-d5b3-4493-adc0-469d12c8e6cc,How to Use Cleanser,cleanser,"cleanser,beauty,tutorial",https://www.youtube.com/watch?v=dQw4w9WgXcQ,https://img.youtube.com/vi/dQw4w9WgXcQ/0.jpg
0c826266-31d3-4a3a-9c72-007665ae49c6,How to Use Foundation,foundation,"foundation,beauty,tutorial",https://www.youtube.com/watch?v=dQw4w9WgXcQ,https://img.youtube.com/vi/dQw4w9WgXcQ/0.jpg
88f8cce7-85e1-4af8-8348-87a82b1545ad,How to Use Moisturizer,moisturizer,"moisturizer,beauty,tutorial",https://www.youtube.com/watch?v=dQw4w9WgXcQ,https://img.youtube.com/vi/dQw4w9WgXcQ/0.jpg
b53fb548-7262-438d-a5cc-8c0881e8d5bc,How to Use Moisturizer,moisturizer,"moisturizer,beauty,tutorial",https://www.youtube.com/watch?v=dQw4w9WgXcQ,https://img.youtube.com/vi/dQw4w9WgXcQ/0.jpg
b8a7357c-28ad-4229-8037-e61964606093,How to Use Sunscreen,sunscreen,"sunscreen,beauty,tutorial",https://www.youtube.com/watch?v=dQw4w9WgXcQ,https://img.youtube.com/vi/dQw4w9WgXcQ/0.jpg
9753f7cf-f677-4490-b521-5280da24a6a7,How to Use Sunscreen,sunscreen,"sunscreen,beauty,tutorial",https://www.youtube.com/watch?v=dQw4w9WgXcQ,https://img.youtube.com/vi/dQw4w9WgXcQ/0.jpg
2de5d906-cbc3-4717-8cf2-bd39a524ade2,How to Use Moisturizer,moisturizer,"moisturizer,beauty,tutorial",https://www.youtube.com/watch?v=dQw4w9WgXcQ,https://img.youtube.com/vi/dQw4w9WgXcQ/0.jpg
71747187-360b-4dbf-bde9-4bde3ecff74f,How to Use Cleanser,cleanser,"cleanser,beauty,tutorial",https://www.youtube.com/watch?v=dQw4w9WgXcQ,https://img.youtube.com/vi/dQw4w9WgXcQ/0.jpg
dac3a855-9ffa-4c53-8961-0e09e1ae5bd7,How to Use Cleanser,cleanser,"cleanser,beauty,tutorial",https://www.youtube.com/watch?v=dQw4w9WgXcQ,https://img.youtube.com/vi/dQw4w9WgXcQ/0.jpg
0394719e-bada-4cb5-ad90-a01f2e169abf,How to Use Foundation,foundation,"foundation,beauty,tutorial",https://www.youtube.com/watch?v=dQw4w9WgXcQ,https://img.youtube.com/vi/dQw4w9WgXcQ/0.jpg
f0dbd713-5fad-4757-a4f0-fb0321205aa3,How to Use Foundation,foundation,"foundation,beauty,tutorial",https://www.youtube.com/watch?v=dQw4w9WgXcQ,https://img.youtube.com/vi/dQw4w9WgXcQ/0.jpg
d019570d-5499-4a02-b603-e506352500fa,How to Use Moisturizer,moisturizer,"moisturizer,beauty,tutorial",https://www.youtube.com/watch?v=dQw4w9WgXcQ,https://img.youtube.com/vi/dQw4w9WgXcQ/0.jpg
f590dc6b-2f5f-408a-ae50-fac33b1a0322,How to Use Moisturizer,moisturizer,"moisturizer,beauty,tutorial",https://www.youtube.com/watch?v=dQw4w9WgXcQ,https://img.youtube.com/vi/dQw4w9WgXcQ/0.jpg
12f48010-f63e-494e-aae3-052e04833ff7,How to Use Cleanser,cleanser,"cleanser,beauty,tutorial",https://www.youtube.com/watch?v=dQw4w9WgXcQ,https://img.youtube.com/vi/dQw4w9WgXcQ/0.jpg
556dad23-fa60-49c1-a6c1-d4359a523eff,How to Use Lipstick,lipstick,"lipstick,beauty,tutorial",https://www.youtube.com/watch?v=dQw4w9WgXcQ,https://img.youtube.com/vi/dQw4w9WgXcQ/0.jpg
abae0cea-9052-436f-8667-4015ed8f6120,How to Use Cleanser,cleanser,"cleanser,beauty,tutorial",https://www.youtube.com/watch?v=dQw4w9WgXcQ,https://img.youtube.com/vi/dQw4w9WgXcQ/0.jpg
e50ef4da-b237-4a2b-91f7-c29739bebdd1,How to Use Lipstick,lipstick,"lipstick,beauty,tutorial",https://www.youtube.com/watch?v=dQw4w9WgXcQ,https://img.youtube.com/vi/dQw4w9WgXcQ/0.jpg
2b55c0db-5f51-4aa7-a51e-ab3afc834e7d,How to Use Serum,serum,"serum,beauty,tutorial",https://www.youtube.com/watch?v=dQw4w9WgXcQ,https://img.youtube.com/vi/dQw4w9WgXcQ/0.jpg
bb48b1c6-2014-46b1-867e-6d5eb367dd47,How to Use Serum,serum,"serum,beauty,tutorial",https://www.youtube.com/watch?v=dQw4w9WgXcQ,https://img.youtube.com/vi/dQw4w9WgXcQ/0.jpg
1b51ab5f-8edb-4fa1-b476-4bcf14312ddb,How to Use Sunscreen,sunscreen,"sunscreen,beauty,tutorial",https://www.youtube.com/watch?v=dQw4w9WgXcQ,https://img.youtube.com/vi/dQw4w9WgXcQ/0.jpg
f8bdec88-284c-4f86-b301-e20876460e67,How to Use Lipstick,lipstick,"lipstick,beauty,tutorial",https://www.youtube.com/watch?v=dQw4w9WgXcQ,https://img.youtube.com/vi/dQw4w9WgXcQ/0.jpg
70802b27-8b6e-4f0d-92a2-34432f1be45a,How to Use Lipstick,lipstick,"lipstick,beauty,tutorial",https://www.youtube.com/watch?v=dQw4w9WgXcQ,https://img.youtube.com/vi/dQw4w9WgXcQ/0.jpg
c04c9d87-40c3-4e37-86c5-ebf7ac6868f9,How to Use Foundation,foundation,"foundation,beauty,tutorial",https://www.youtube.com/watch?v=dQw4w9WgXcQ,https://img.youtube.com/vi/dQw4w9WgXcQ/0.jpg
1fa544b8-d886-4141-b38f-a19404357ca7,How to Use Serum,serum,"serum,beauty,tutorial",https://www.youtube.com/watch?v=dQw4w9WgXcQ,https://img.youtube.com/vi/dQw4w9WgXcQ/0.jpg
eaf81578-8ec8-49ac-8b7c-a1d497aa415c,How to Use Cleanser,cleanser,"cleanser,beauty,tutorial",https://www.youtube.com/watch?v=dQw4w9WgXcQ,https://img.youtube.com/vi/dQw4w9WgXcQ/0.jpg
1fc419bd-8bb9-4657-acb0-e6a846b9ab60,How to Use Cleanser,cleanser,"cleanser,beauty,tutorial",https://www.youtube.com/watch?v=dQw4w9WgXcQ,https://img.youtube.com/vi/dQw4w9WgXcQ/0.jpg
d73cc6d1-c379-4cae-a39c-bc1710e845c2,How to Use Serum,serum,"serum,beauty,tutorial",https://www.youtube.com/watch?v=dQw4w9WgXcQ,https://img.youtube.com/vi/dQw4w9WgXcQ/0.jpg
1ce2c8a4-a7ac-4346-a34a-594c00e58130,How to Use Foundation,foundation,"foundation,beauty,tutorial",https://www.youtube.com/watch?v=dQw4w9WgXcQ,https://img.youtube.com/vi/dQw4w9WgXcQ/0.jpg
5b1954a7-5535-432c-8d96-0999567281f0,How to Use Foundation,foundation,"foundation,beauty,tutorial",https://www.youtube.com/watch?v=dQw4w9WgXcQ,https://img.youtube.com/vi/dQw4w9WgXcQ/0.jpg
05ebac7a-953d-4a52-b32e-1bf65acc1355,How to Use Foundation,foundation,"foundation,beauty,tutorial",https://www.youtube.com/watch?v=dQw4w9WgXcQ,https://img.youtube.com/vi/dQw4w9WgXcQ/0.jpg
30b111b8-29cd-44fa-b3b4-45117bab5c1c,How to Use Cleanser,cleanser,"cleanser,beauty,tutorial",https://www.youtube.com/watch?v=dQw4w9WgXcQ,https://img.youtube.com/vi/dQw4w9WgXcQ/0.jpg
d2fa614f-35cd-46db-b540-90e8ee1ec0e1,How to Use Moisturizer,moisturizer,"moisturizer,beauty,tutorial",https://www.youtube.com/watch?v=dQw4w9WgXcQ,https://img.youtube.com/vi/dQw4w9WgXcQ/0.jpg
06575337-fd22-4bda-900c-da87e9fe6427,How to Use Moisturizer,moisturizer,"moisturizer,beauty,tutorial",https://www.youtube.com/watch?v=dQw4w9WgXcQ,https://img.youtube.com/vi/dQw4w9WgXcQ/0.jpg
3e6a5c6d-90b6-4940-b1d3-02d510a9ea90,How to Use Sunscreen,sunscreen,"sunscreen,beauty,tutorial",https://www.youtube.com/watch?v=dQw4w9WgXcQ,https://img.youtube.com/vi/dQw4w9WgXcQ/0.jpg
a0471850-0a3b-449f-9bc0-a8f964abcd3a,How to Use Cleanser,cleanser,"cleanser,beauty,tutorial",https://www.youtube.com/watch?v=dQw4w9WgXcQ,https://img.youtube.com/vi/dQw4w9WgXcQ/0.jpg
5fb89b23-bfb6-455b-ab11-e608ce1fbbe2,How to Use Foundation,foundation,"foundation,beauty,tutorial",https://www.youtube.com/watch?v=dQw4w9WgXcQ,https://img.youtube.com/vi/dQw4w9WgXcQ/0.jpg
a3dc4ac5-f9ab-43ad-bb31-d74d901424d6,How to Use Sunscreen,sunscreen,"sunscreen,beauty,tutorial",https://www.youtube.com/watch?v=dQw4w9WgXcQ,https://img.youtube.com/vi/dQw4w9WgXcQ/0.jpg
0eae05aa-d3ac-429f-86ae-0ba9b493d2cf,How to Use Sunscreen,sunscreen,"sunscreen,beauty,tutorial",https://www.youtube.com/watch?v=dQw4w9WgXcQ,https://img.youtube.com/vi/dQw4w9WgXcQ/0.jpg
6388183a-9281-430d-84da-75b6743afaea,How to Use Sunscreen,sunscreen,"sunscreen,beauty,tutorial",https://www.youtube.com/watch?v=dQw4w9WgXcQ,https://img.youtube.com/vi/dQw4w9WgXcQ/0.jpg
cfbbcdd7-dc7b-40bb-a908-97b502bf075f,How to Use Lipstick,lipstick,"lipstick,beauty,tutorial",https://www.youtube.com/watch?v=dQw4w9WgXcQ,https://img.youtube.com/vi/dQw4w9WgXcQ/0.jpg
ea7b48fa-e04e-4543-959c-33c547c587a1,How to Use Serum,serum,"serum,beauty,tutorial",https://www.youtube.com/watch?v=dQw4w9WgXcQ,https://img.youtube.com/vi/dQw4w9WgXcQ/0.jpg
ad01df68-b0b8-4d08-8f73-ceda48dc0993,How to Use Cleanser,cleanser,"cleanser,beauty,tutorial",https://www.youtube.com/watch?v=dQw4w9WgXcQ,https://img.youtube.com/vi/dQw4w9WgXcQ/0.jpg
d43b1e26-1026-47fe-9bfd-11b22b3f7bb7,How to Use Cleanser,cleanser,"cleanser,beauty,tutorial",https://www.youtube.com/watch?v=dQw4w9WgXcQ,https://img.youtube.com/vi/dQw4w9WgXcQ/0.jpg
80b037c5-5162-4341-9f92-5b88d59c3d84,How to Use Cleanser,cleanser,"cleanser,beauty,tutorial",https://www.youtube.com/watch?v=dQw4w9WgXcQ,https://img.youtube.com/vi/dQw4w9WgXcQ/0.jpg
1397a853-9b01-457b-a782-05474c54b686,How to Use Cleanser,cleanser,"cleanser,beauty,tutorial",https://www.youtube.com/watch?v=dQw4w9WgXcQ,https://img.youtube.com/vi/dQw4w9WgXcQ/0.jpg
0bd8d3cc-7156-4531-810b-18129c731b10,How to Use Moisturizer,moisturizer,"moisturizer,beauty,tutorial",https://www.youtube.com/watch?v=dQw4w9WgXcQ,https://img.youtube.com/vi/dQw4w9WgXcQ/0.jpg
9d597e3a-10a1-48ca-8450-612b932ce4eb,How to Use Serum,serum,"serum,beauty,tutorial",https://www.youtube.com/watch?v=dQw4w9WgXcQ,https://img.youtube.com/vi/dQw4w9WgXcQ/0.jpg
20297c72-05e2-4169-a92a-862d3ca14b17,How to Use Moisturizer,moisturizer,"moisturizer,beauty,tutorial",https://www.youtube.com/watch?v=dQw4w9WgXcQ,https://img.youtube.com/vi/dQw4w9WgXcQ/0.jpg
80a3520a-cadb-4354-bc36-d232dc9f82bf,How to Use Moisturizer,moisturizer,"moisturizer,beauty,tutorial",https://www.youtube.com/watch?v=dQw4w9WgXcQ,https://img.youtube.com/vi/dQw4w9WgXcQ/0.jpg
938d5505-879a-4010-bc07-14c9125117e2,How to Use Foundation,foundation,"foundation,beauty,tutorial",https://www.youtube.com/watch?v=dQw4w9WgXcQ,https://img.youtube.com/vi/dQw4w9WgXcQ/0.jpg
cf48dbc3-ff2f-4b5f-8efc-0b836a6503eb,How to Use Cleanser,cleanser,"cleanser,beauty,tutorial",https://www.youtube.com/watch?v=dQw4w9WgXcQ,https://img.youtube.com/vi/dQw4w9WgXcQ/0.jpg
66b4bbf3-e326-445e-be81-f4b23342c700,How to Use Cleanser,cleanser,"cleanser,beauty,tutorial",https://www.youtube.com/watch?v=dQw4w9WgXcQ,https://img.youtube.com/vi/dQw4w9WgXcQ/0.jpg
7ad1c43d-c9f1-48e4-8783-98ec7331caa9,How to Use Moisturizer,moisturizer,"moisturizer,beauty,tutorial",https://www.youtube.com/watch?v=dQw4w9WgXcQ,https://img.youtube.com/vi/dQw4w9WgXcQ/0.jpg
